データコード,PR01'PRCG10_2600000000,PR01'PRCG10_2600120001,PR01'PRCG10_2600220001,PR01'PRCG10_2600320001,PR01'PRCG10_2600420001,PR01'PRCG10_2600520001,PR01'PRCG10_2600620001,PR01'PRCG10_2600720001,PR01'PRCG10_2600820001,PR01'PRCG10_2600920001,PR01'PRCG10_2601020001
系列名称,"[輸入物価指数/円ベース] 総平均","類別/_食料品・飼料","類別/_繊維品","類別/_金属・同製品","類別/_木材・同製品","類別/_石油・石炭・天然ガス","類別/_化学製品","類別/_はん用・生産用・業務用機器","類別/_電気・電子機器","類別/_輸送用機器","類別/_その他産品・製品"
系列名称（英字）,"[Import Price Index / yen basis] All commodities","Group/_Foodstuffs & feedstuffs","Group/_Textiles","Group/_Metals & related products","Group/_Wood, lumber & related products","Group/_Petroleum, coal & natural gas","Group/_Chemicals & related products","Group/_General purpose, production & business oriented machinery","Group/_Electric & electronic products","Group/_Transportation equipment","Group/_Other primary products & manufactured goods"
単位,"2010年=100","2010年=100","2010年=100","2010年=100","2010年=100","2010年=100","2010年=100","2010年=100","2010年=100","2010年=100","2010年=100"
単位（英字）,"CY2010 average=100","CY2010 average=100","CY2010 average=100","CY2010 average=100","CY2010 average=100","CY2010 average=100","CY2010 average=100","CY2010 average=100","CY2010 average=100","CY2010 average=100","CY2010 average=100"
統計種別・カテゴリ,"企業物価指数 2010年基準/輸入物価指数/円ベース","企業物価指数 2010年基準/輸入物価指数/円ベース","企業物価指数 2010年基準/輸入物価指数/円ベース","企業物価指数 2010年基準/輸入物価指数/円ベース","企業物価指数 2010年基準/輸入物価指数/円ベース","企業物価指数 2010年基準/輸入物価指数/円ベース","企業物価指数 2010年基準/輸入物価指数/円ベース","企業物価指数 2010年基準/輸入物価指数/円ベース","企業物価指数 2010年基準/輸入物価指数/円ベース","企業物価指数 2010年基準/輸入物価指数/円ベース","企業物価指数 2010年基準/輸入物価指数/円ベース"
統計種別・カテゴリ(英字),"Corporate Goods Price Index (2010 Base)/ Import Price Index (yen basis)","Corporate Goods Price Index (2010 Base)/ Import Price Index (yen basis)","Corporate Goods Price Index (2010 Base)/ Import Price Index (yen basis)","Corporate Goods Price Index (2010 Base)/ Import Price Index (yen basis)","Corporate Goods Price Index (2010 Base)/ Import Price Index (yen basis)","Corporate Goods Price Index (2010 Base)/ Import Price Index (yen basis)","Corporate Goods Price Index (2010 Base)/ Import Price Index (yen basis)","Corporate Goods Price Index (2010 Base)/ Import Price Index (yen basis)","Corporate Goods Price Index (2010 Base)/ Import Price Index (yen basis)","Corporate Goods Price Index (2010 Base)/ Import Price Index (yen basis)","Corporate Goods Price Index (2010 Base)/ Import Price Index (yen basis)"
変換方法,"AVERAGED","AVERAGED","AVERAGED","AVERAGED","AVERAGED","AVERAGED","AVERAGED","AVERAGED","AVERAGED","AVERAGED","AVERAGED"
収録開始期,"1960/01","1960/01","1960/01","1960/01","1960/01","1960/01","1960/01","1960/01","1960/01","1960/01","1960/01"
収録終了期,"2016/12","2016/12","2016/12","2016/12","2016/12","2016/12","2016/12","2016/12","2016/12","2016/12","2016/12"
期種,月次,月次,月次,月次,月次,月次,月次,月次,月次,月次,月次
備考,"品目数：254、ウエイト：1000","品目数：36、ウエイト：75.8","品目数：32、ウエイト：53.5","品目数：35、ウエイト：117.1","品目数：9、ウエイト：16.5","品目数：10、ウエイト：305.4","品目数：36、ウエイト：83.3","品目数：10、ウエイト：53.9","品目数：47、ウエイト：184.3","品目数：8、ウエイト：34.1","品目数：31、ウエイト：76.1"
備考（英字）,"Number of Commodity:254, Weights:1000","Number of Commodity:36, Weights:75.8","Number of Commodity:32, Weights:53.5","Number of Commodity:35, Weights:117.1","Number of Commodity:9, Weights:16.5","Number of Commodity:10, Weights:305.4","Number of Commodity:36, Weights:83.3","Number of Commodity:10, Weights:53.9","Number of Commodity:47, Weights:184.3","Number of Commodity:8, Weights:34.1","Number of Commodity:31, Weights:76.1"

1950/01,     ,     ,     ,     ,     ,     ,     ,     ,     ,     ,
1950/02,     ,     ,     ,     ,     ,     ,     ,     ,     ,     ,
1950/03,     ,     ,     ,     ,     ,     ,     ,     ,     ,     ,
1950/04,     ,     ,     ,     ,     ,     ,     ,     ,     ,     ,
1950/05,     ,     ,     ,     ,     ,     ,     ,     ,     ,     ,
1950/06,     ,     ,     ,     ,     ,     ,     ,     ,     ,     ,
1950/07,     ,     ,     ,     ,     ,     ,     ,     ,     ,     ,
1950/08,     ,     ,     ,     ,     ,     ,     ,     ,     ,     ,
1950/09,     ,     ,     ,     ,     ,     ,     ,     ,     ,     ,
1950/10,     ,     ,     ,     ,     ,     ,     ,     ,     ,     ,
1950/11,     ,     ,     ,     ,     ,     ,     ,     ,     ,     ,
1950/12,     ,     ,     ,     ,     ,     ,     ,     ,     ,     ,
1951/01,     ,     ,     ,     ,     ,     ,     ,     ,     ,     ,
1951/02,     ,     ,     ,     ,     ,     ,     ,     ,     ,     ,
1951/03,     ,     ,     ,     ,     ,     ,     ,     ,     ,     ,
1951/04,     ,     ,     ,     ,     ,     ,     ,     ,     ,     ,
1951/05,     ,     ,     ,     ,     ,     ,     ,     ,     ,     ,
1951/06,     ,     ,     ,     ,     ,     ,     ,     ,     ,     ,
1951/07,     ,     ,     ,     ,     ,     ,     ,     ,     ,     ,
1951/08,     ,     ,     ,     ,     ,     ,     ,     ,     ,     ,
1951/09,     ,     ,     ,     ,     ,     ,     ,     ,     ,     ,
1951/10,     ,     ,     ,     ,     ,     ,     ,     ,     ,     ,
1951/11,     ,     ,     ,     ,     ,     ,     ,     ,     ,     ,
1951/12,     ,     ,     ,     ,     ,     ,     ,     ,     ,     ,
1952/01,     ,     ,     ,     ,     ,     ,     ,     ,     ,     ,
1952/02,     ,     ,     ,     ,     ,     ,     ,     ,     ,     ,
1952/03,     ,     ,     ,     ,     ,     ,     ,     ,     ,     ,
1952/04,     ,     ,     ,     ,     ,     ,     ,     ,     ,     ,
1952/05,     ,     ,     ,     ,     ,     ,     ,     ,     ,     ,
1952/06,     ,     ,     ,     ,     ,     ,     ,     ,     ,     ,
1952/07,     ,     ,     ,     ,     ,     ,     ,     ,     ,     ,
1952/08,     ,     ,     ,     ,     ,     ,     ,     ,     ,     ,
1952/09,     ,     ,     ,     ,     ,     ,     ,     ,     ,     ,
1952/10,     ,     ,     ,     ,     ,     ,     ,     ,     ,     ,
1952/11,     ,     ,     ,     ,     ,     ,     ,     ,     ,     ,
1952/12,     ,     ,     ,     ,     ,     ,     ,     ,     ,     ,
1953/01,     ,     ,     ,     ,     ,     ,     ,     ,     ,     ,
1953/02,     ,     ,     ,     ,     ,     ,     ,     ,     ,     ,
1953/03,     ,     ,     ,     ,     ,     ,     ,     ,     ,     ,
1953/04,     ,     ,     ,     ,     ,     ,     ,     ,     ,     ,
1953/05,     ,     ,     ,     ,     ,     ,     ,     ,     ,     ,
1953/06,     ,     ,     ,     ,     ,     ,     ,     ,     ,     ,
1953/07,     ,     ,     ,     ,     ,     ,     ,     ,     ,     ,
1953/08,     ,     ,     ,     ,     ,     ,     ,     ,     ,     ,
1953/09,     ,     ,     ,     ,     ,     ,     ,     ,     ,     ,
1953/10,     ,     ,     ,     ,     ,     ,     ,     ,     ,     ,
1953/11,     ,     ,     ,     ,     ,     ,     ,     ,     ,     ,
1953/12,     ,     ,     ,     ,     ,     ,     ,     ,     ,     ,
1954/01,     ,     ,     ,     ,     ,     ,     ,     ,     ,     ,
1954/02,     ,     ,     ,     ,     ,     ,     ,     ,     ,     ,
1954/03,     ,     ,     ,     ,     ,     ,     ,     ,     ,     ,
1954/04,     ,     ,     ,     ,     ,     ,     ,     ,     ,     ,
1954/05,     ,     ,     ,     ,     ,     ,     ,     ,     ,     ,
1954/06,     ,     ,     ,     ,     ,     ,     ,     ,     ,     ,
1954/07,     ,     ,     ,     ,     ,     ,     ,     ,     ,     ,
1954/08,     ,     ,     ,     ,     ,     ,     ,     ,     ,     ,
1954/09,     ,     ,     ,     ,     ,     ,     ,     ,     ,     ,
1954/10,     ,     ,     ,     ,     ,     ,     ,     ,     ,     ,
1954/11,     ,     ,     ,     ,     ,     ,     ,     ,     ,     ,
1954/12,     ,     ,     ,     ,     ,     ,     ,     ,     ,     ,
1955/01,     ,     ,     ,     ,     ,     ,     ,     ,     ,     ,
1955/02,     ,     ,     ,     ,     ,     ,     ,     ,     ,     ,
1955/03,     ,     ,     ,     ,     ,     ,     ,     ,     ,     ,
1955/04,     ,     ,     ,     ,     ,     ,     ,     ,     ,     ,
1955/05,     ,     ,     ,     ,     ,     ,     ,     ,     ,     ,
1955/06,     ,     ,     ,     ,     ,     ,     ,     ,     ,     ,
1955/07,     ,     ,     ,     ,     ,     ,     ,     ,     ,     ,
1955/08,     ,     ,     ,     ,     ,     ,     ,     ,     ,     ,
1955/09,     ,     ,     ,     ,     ,     ,     ,     ,     ,     ,
1955/10,     ,     ,     ,     ,     ,     ,     ,     ,     ,     ,
1955/11,     ,     ,     ,     ,     ,     ,     ,     ,     ,     ,
1955/12,     ,     ,     ,     ,     ,     ,     ,     ,     ,     ,
1956/01,     ,     ,     ,     ,     ,     ,     ,     ,     ,     ,
1956/02,     ,     ,     ,     ,     ,     ,     ,     ,     ,     ,
1956/03,     ,     ,     ,     ,     ,     ,     ,     ,     ,     ,
1956/04,     ,     ,     ,     ,     ,     ,     ,     ,     ,     ,
1956/05,     ,     ,     ,     ,     ,     ,     ,     ,     ,     ,
1956/06,     ,     ,     ,     ,     ,     ,     ,     ,     ,     ,
1956/07,     ,     ,     ,     ,     ,     ,     ,     ,     ,     ,
1956/08,     ,     ,     ,     ,     ,     ,     ,     ,     ,     ,
1956/09,     ,     ,     ,     ,     ,     ,     ,     ,     ,     ,
1956/10,     ,     ,     ,     ,     ,     ,     ,     ,     ,     ,
1956/11,     ,     ,     ,     ,     ,     ,     ,     ,     ,     ,
1956/12,     ,     ,     ,     ,     ,     ,     ,     ,     ,     ,
1957/01,     ,     ,     ,     ,     ,     ,     ,     ,     ,     ,
1957/02,     ,     ,     ,     ,     ,     ,     ,     ,     ,     ,
1957/03,     ,     ,     ,     ,     ,     ,     ,     ,     ,     ,
1957/04,     ,     ,     ,     ,     ,     ,     ,     ,     ,     ,
1957/05,     ,     ,     ,     ,     ,     ,     ,     ,     ,     ,
1957/06,     ,     ,     ,     ,     ,     ,     ,     ,     ,     ,
1957/07,     ,     ,     ,     ,     ,     ,     ,     ,     ,     ,
1957/08,     ,     ,     ,     ,     ,     ,     ,     ,     ,     ,
1957/09,     ,     ,     ,     ,     ,     ,     ,     ,     ,     ,
1957/10,     ,     ,     ,     ,     ,     ,     ,     ,     ,     ,
1957/11,     ,     ,     ,     ,     ,     ,     ,     ,     ,     ,
1957/12,     ,     ,     ,     ,     ,     ,     ,     ,     ,     ,
1958/01,     ,     ,     ,     ,     ,     ,     ,     ,     ,     ,
1958/02,     ,     ,     ,     ,     ,     ,     ,     ,     ,     ,
1958/03,     ,     ,     ,     ,     ,     ,     ,     ,     ,     ,
1958/04,     ,     ,     ,     ,     ,     ,     ,     ,     ,     ,
1958/05,     ,     ,     ,     ,     ,     ,     ,     ,     ,     ,
1958/06,     ,     ,     ,     ,     ,     ,     ,     ,     ,     ,
1958/07,     ,     ,     ,     ,     ,     ,     ,     ,     ,     ,
1958/08,     ,     ,     ,     ,     ,     ,     ,     ,     ,     ,
1958/09,     ,     ,     ,     ,     ,     ,     ,     ,     ,     ,
1958/10,     ,     ,     ,     ,     ,     ,     ,     ,     ,     ,
1958/11,     ,     ,     ,     ,     ,     ,     ,     ,     ,     ,
1958/12,     ,     ,     ,     ,     ,     ,     ,     ,     ,     ,
1959/01,     ,     ,     ,     ,     ,     ,     ,     ,     ,     ,
1959/02,     ,     ,     ,     ,     ,     ,     ,     ,     ,     ,
1959/03,     ,     ,     ,     ,     ,     ,     ,     ,     ,     ,
1959/04,     ,     ,     ,     ,     ,     ,     ,     ,     ,     ,
1959/05,     ,     ,     ,     ,     ,     ,     ,     ,     ,     ,
1959/06,     ,     ,     ,     ,     ,     ,     ,     ,     ,     ,
1959/07,     ,     ,     ,     ,     ,     ,     ,     ,     ,     ,
1959/08,     ,     ,     ,     ,     ,     ,     ,     ,     ,     ,
1959/09,     ,     ,     ,     ,     ,     ,     ,     ,     ,     ,
1959/10,     ,     ,     ,     ,     ,     ,     ,     ,     ,     ,
1959/11,     ,     ,     ,     ,     ,     ,     ,     ,     ,     ,
1959/12,     ,     ,     ,     ,     ,     ,     ,     ,     ,     ,
1960/01,49.4 ,65.9 ,85.8 ,44.6 ,36.4 ,14.7 ,119.9,88.5 ,759  ,65.7 ,99.9
1960/02,49.1 ,65.4 ,83.5 ,44.4 ,36.4 ,14.4 ,118.5,88.5 ,759  ,65.7 ,98.1
1960/03,48.8 ,65.4 ,84   ,43.3 ,36.3 ,14.4 ,118.3,88.5 ,759  ,65.7 ,98.3
1960/04,48.8 ,65.9 ,86.2 ,43.2 ,36   ,14.4 ,117.7,88.5 ,759  ,65.7 ,98.3
1960/05,48.5 ,66.3 ,84.6 ,43.2 ,34.9 ,14.1 ,116.7,88.5 ,759  ,65.7 ,100.6
1960/06,48.5 ,66.1 ,84.1 ,43.2 ,33.8 ,14.4 ,115.2,88.5 ,759  ,65.7 ,99.6
1960/07,47.8 ,65.9 ,81.1 ,43.2 ,32.6 ,14   ,115  ,88.5 ,759  ,65.7 ,93.9
1960/08,47.2 ,65.7 ,78.4 ,43.1 ,32.4 ,14.1 ,114.5,88.5 ,759  ,65.7 ,88.8
1960/09,47.2 ,65.7 ,79.3 ,42.7 ,32.3 ,14   ,113.3,89.8 ,759  ,65.7 ,86.6
1960/10,46.9 ,65.5 ,80.1 ,42.3 ,32.6 ,13.8 ,113.5,90   ,759  ,65.7 ,83.9
1960/11,47   ,66.1 ,81.2 ,42.3 ,33.1 ,13.8 ,113.1,89.7 ,759  ,65.7 ,79.4
1960/12,47.2 ,66.1 ,81.6 ,42.3 ,33.3 ,13.8 ,112.3,90   ,759  ,65.7 ,78.9
1961/01,47.5 ,67.4 ,82.7 ,42.3 ,33.6 ,13.9 ,112.1,90   ,731.9,65.7 ,77.4
1961/02,47.6 ,69.1 ,84.1 ,42.7 ,33.7 ,13.8 ,113.5,90   ,731.9,65.7 ,75.6
1961/03,48.3 ,69.5 ,84.8 ,43.9 ,33.7 ,13.9 ,114.2,90   ,731.9,65.7 ,80.5
1961/04,48.8 ,70.4 ,86.2 ,45.1 ,34.4 ,13.8 ,115.2,90.3 ,731.9,65.7 ,82.9
1961/05,49.2 ,70.4 ,86.2 ,45.8 ,34.7 ,14.1 ,112.7,90.7 ,737.7,65.7 ,83.7
1961/06,48.5 ,69.2 ,84.9 ,45.6 ,34.6 ,13.8 ,110  ,90.7 ,737.7,65.7 ,80.7
1961/07,48.5 ,68.8 ,83.6 ,45.1 ,35   ,13.9 ,110.4,91.1 ,737.7,65.7 ,82.2
1961/08,48.5 ,68   ,84   ,45.5 ,35.1 ,13.7 ,107.9,91.1 ,737.7,66.1 ,84
1961/09,48.3 ,67.8 ,83.1 ,45.6 ,35.1 ,13.5 ,106.4,91.1 ,737.7,66.1 ,83.7
1961/10,48   ,67.8 ,82.3 ,45.5 ,36.2 ,13.5 ,105.8,91.3 ,737.7,66.1 ,80.4
1961/11,47.6 ,66.6 ,82.2 ,45.1 ,36.1 ,13.5 ,105.7,91.3 ,737.7,66.8 ,77.8
1961/12,47.6 ,66.8 ,82.2 ,44.8 ,36.1 ,13.5 ,106.3,91.4 ,737.7,66.8 ,77.4
1962/01,47.6 ,66.3 ,82.2 ,44.6 ,35.9 ,13.4 ,106.5,91.4 ,737.7,66.8 ,78.6
1962/02,47.6 ,65.9 ,83.1 ,44.4 ,36   ,13.3 ,104.8,91.4 ,742  ,66.8 ,79.7
1962/03,47.5 ,65.7 ,83.6 ,44.4 ,36.1 ,13.3 ,104.4,91.4 ,742  ,66.8 ,79.7
1962/04,47.2 ,65.8 ,84.1 ,43.2 ,36.4 ,13.3 ,102.8,91.4 ,742  ,68   ,78.8
1962/05,47   ,66.3 ,83.4 ,43.1 ,36.2 ,13.3 ,102.5,91.5 ,738.1,68   ,79.4
1962/06,46.9 ,65.4 ,83.8 ,42.7 ,36   ,13.4 ,101.9,91.4 ,738.1,68   ,77.5
1962/07,46.6 ,65.5 ,82.7 ,41.9 ,35.8 ,13.3 ,101.3,91.9 ,738.1,68   ,77
1962/08,46.1 ,64.4 ,80.2 ,41.9 ,35.6 ,13.3 ,101.3,91.9 ,738.1,68   ,76.5
1962/09,45.9 ,64.4 ,79.6 ,41.5 ,35.7 ,13.3 ,100  ,91.9 ,738.1,68   ,76.1
1962/10,46.1 ,64.4 ,80.1 ,41.3 ,36.9 ,13.3 ,99.9 ,92.1 ,683.3,68   ,77.6
1962/11,46.3 ,65.5 ,81.2 ,41.3 ,37   ,13.3 ,99.5 ,92.1 ,683.3,68   ,76.7
1962/12,46.4 ,66.6 ,83.1 ,41.3 ,37.1 ,13.3 ,100  ,92.2 ,683.3,68   ,75.4
1963/01,46.9 ,69.2 ,85.1 ,41.5 ,37.5 ,13.3 ,99.9 ,92.3 ,683.3,68   ,74.9
1963/02,47   ,70.7 ,86   ,41.5 ,37.9 ,13.1 ,98.6 ,92.3 ,683.3,68   ,72.2
1963/03,47.2 ,71.6 ,86.9 ,41.5 ,38.2 ,13.3 ,98.4 ,92.3 ,688.7,68   ,71.1
1963/04,47.6 ,73.4 ,87.2 ,41.4 ,38.2 ,13.3 ,98.2 ,93.5 ,688.7,68   ,70.6
1963/05,47.8 ,74.3 ,86.8 ,41.9 ,38   ,13.4 ,98.4 ,93.5 ,688.7,68   ,69.9
1963/06,48.2 ,79.2 ,87.1 ,41.9 ,37.8 ,13.3 ,96.1 ,93.5 ,688.7,68   ,68.5
1963/07,48.2 ,79.6 ,85.9 ,42   ,37.5 ,13.3 ,95.8 ,93.6 ,688.7,68   ,68
1963/08,48   ,80.7 ,84.9 ,42.2 ,37.3 ,13.1 ,95.3 ,93.6 ,688.7,68   ,67.5
1963/09,48.4 ,85.9 ,84.8 ,42.3 ,37.2 ,13   ,94.6 ,93.6 ,682  ,68   ,65.8
1963/10,48.8 ,86.6 ,85.8 ,42.6 ,37.1 ,13   ,95.1 ,93.6 ,682  ,68   ,68.5
1963/11,49.7 ,90.4 ,89.5 ,42.7 ,37.2 ,13.1 ,94.8 ,93.7 ,682  ,68   ,68.6
1963/12,49.7 ,89.2 ,90   ,43   ,37.2 ,13.3 ,94.3 ,93.9 ,640.4,68   ,66.3
1964/01,49.9 ,91.6 ,90.5 ,43.4 ,36.9 ,13.3 ,94.3 ,94.1 ,640.4,68   ,64
1964/02,49.7 ,89.1 ,92.1 ,43.4 ,36.9 ,13.3 ,93.9 ,94.1 ,640.4,68   ,63.1
1964/03,49.4 ,85.1 ,91.9 ,43.3 ,36.9 ,13.3 ,93.8 ,94.3 ,635.8,68   ,66
1964/04,49.1 ,84   ,89.5 ,43.8 ,36.2 ,13.3 ,93.8 ,94.3 ,635.8,68   ,67.8
1964/05,48.8 ,83.3 ,86.9 ,44.4 ,36   ,13.3 ,94.1 ,95.2 ,635.8,68   ,67.6
1964/06,48.8 ,82   ,86.9 ,44.6 ,36   ,13.1 ,94.4 ,95.7 ,635.8,68   ,68.3
1964/07,48.3 ,76.3 ,85.1 ,45.3 ,36   ,13.1 ,95.4 ,95.7 ,635.8,68   ,67.7
1964/08,48.3 ,75.4 ,85.1 ,46.1 ,36.1 ,13   ,95.8 ,95.7 ,635.8,68   ,67.9
1964/09,48.4 ,74.9 ,84.9 ,46.9 ,36.1 ,12.8 ,95.8 ,95.7 ,635.8,68   ,69.6
1964/10,48.5 ,74.9 ,84.1 ,47.6 ,36.2 ,12.8 ,96.1 ,95.7 ,635.8,69.1 ,70.9
1964/11,48.5 ,75.4 ,83.8 ,47.7 ,36.3 ,12.8 ,96.9 ,95.9 ,635.8,69.1 ,70.2
1964/12,48.3 ,73.9 ,82.3 ,47.4 ,36.5 ,13   ,97.4 ,95.9 ,635.8,69.1 ,69.2
1965/01,47.6 ,70.1 ,82.2 ,46.3 ,36.2 ,13   ,96   ,97.5 ,639.1,69.7 ,68.8
1965/02,47.6 ,69.5 ,82.2 ,46.2 ,36.5 ,13   ,96.1 ,97.5 ,639.1,69.7 ,69.1
1965/03,47.5 ,69.2 ,80.9 ,46.2 ,37   ,12.8 ,96.3 ,96.9 ,639.1,69.7 ,69.1
1965/04,47.6 ,69.2 ,80.9 ,46.3 ,37.2 ,12.8 ,97.3 ,97.2 ,639.1,69.7 ,69.5
1965/05,47.6 ,68.7 ,81.1 ,46.9 ,37.6 ,12.8 ,97.3 ,97.2 ,639.1,69.7 ,70.6
1965/06,47.8 ,68.7 ,81.1 ,46.9 ,37.6 ,13   ,96.7 ,98.5 ,639.1,69.7 ,70
1965/07,47.8 ,68.4 ,81.4 ,46.6 ,37.8 ,13   ,98.4 ,98.5 ,646.8,69.7 ,70.6
1965/08,47.6 ,67.1 ,81.1 ,46.6 ,37.8 ,13   ,97.9 ,98.5 ,646.8,69.7 ,72
1965/09,47.5 ,67.8 ,81.6 ,46.3 ,38   ,13   ,97.7 ,98.5 ,646.8,68.1 ,70.8
1965/10,47.6 ,67.8 ,82.7 ,46.9 ,38.1 ,12.7 ,97.7 ,98.5 ,650.8,68.2 ,70.9
1965/11,47.6 ,67.4 ,83.5 ,46.9 ,38.2 ,12.7 ,97.5 ,98.5 ,650.8,68.3 ,70.6
1965/12,47.8 ,68.4 ,83   ,47   ,38.5 ,12.7 ,97.4 ,98.5 ,650.8,69.9 ,71.3
1966/01,48.4 ,69.5 ,82.9 ,48.3 ,38.6 ,12.8 ,96.7 ,98.6 ,657.8,69.9 ,72.7
1966/02,48.8 ,70.4 ,83   ,48.5 ,38.7 ,13   ,96.3 ,98.6 ,657.8,69.9 ,73.6
1966/03,48.8 ,70.5 ,84   ,48.5 ,38.9 ,13   ,95.6 ,98.6 ,657.8,68.3 ,73.5
1966/04,48.5 ,71   ,84.5 ,47.7 ,39.2 ,13   ,95   ,98.6 ,657.8,68.3 ,72.8
1966/05,48.8 ,70.8 ,84.8 ,49   ,39.2 ,12.7 ,94.8 ,99   ,657.8,68.3 ,72.9
1966/06,49.1 ,71.3 ,83.8 ,51.8 ,39.3 ,12.6 ,94.6 ,99   ,657.8,68.3 ,71.8
1966/07,49.1 ,72   ,83.1 ,52   ,39.2 ,12.6 ,93.8 ,99   ,657.8,68.3 ,71.1
1966/08,48.8 ,72.6 ,82.7 ,49.5 ,39.6 ,12.6 ,93.8 ,99   ,679.1,68.3 ,70.6
1966/09,48.3 ,71.3 ,81.1 ,48.8 ,39.8 ,12.6 ,93.8 ,99   ,679.1,68.3 ,70.1
1966/10,48.3 ,70.5 ,79.8 ,50.3 ,39.9 ,12.6 ,94.3 ,99   ,679.1,68.3 ,69.2
1966/11,48.4 ,70.4 ,79.3 ,50.6 ,40.1 ,12.6 ,93.7 ,99   ,679.1,68.3 ,69.4
1966/12,48.3 ,70.5 ,79.8 ,50   ,40.4 ,12.6 ,93.7 ,99   ,679.1,68.4 ,69.4
1967/01,48.3 ,69.8 ,80.4 ,50.3 ,40.9 ,12.4 ,92.7 ,101.4,679.1,68.4 ,69.1
1967/02,48.4 ,69.9 ,82.1 ,50.6 ,41.2 ,12.4 ,92.3 ,101.4,679.1,68.4 ,68.5
1967/03,48.3 ,70.1 ,81.3 ,50   ,41.5 ,12.2 ,91.5 ,101.4,679.1,68.4 ,68
1967/04,47.8 ,70.1 ,81.1 ,48.1 ,41.9 ,12.2 ,92.3 ,100.4,679.1,68.4 ,67.9
1967/05,47.8 ,70.5 ,81.6 ,48.1 ,42.1 ,12.1 ,91.7 ,100.4,679.1,68.4 ,67.6
1967/06,47.8 ,71   ,81.1 ,48.6 ,42.2 ,11.9 ,91.1 ,100.4,679.1,68.5 ,67.5
1967/07,47.8 ,70.7 ,80.2 ,48.6 ,41.9 ,11.9 ,91.1 ,100.4,679.1,68.1 ,67.4
1967/08,47.6 ,69.5 ,79.3 ,48.8 ,41.7 ,12.2 ,91   ,100.4,679.1,68.1 ,66.5
1967/09,47.6 ,68.5 ,79.2 ,48.6 ,41.6 ,12.6 ,91.2 ,100.4,679.1,68.1 ,66.6
1967/10,48.3 ,68.4 ,80.1 ,49.1 ,41.9 ,13   ,91.2 ,100.4,679.1,68.3 ,66.6
1967/11,48.5 ,68.5 ,81.6 ,51.1 ,42.2 ,13   ,91   ,100.4,679.1,68.3 ,66.8
1967/12,48.8 ,68.8 ,82.7 ,50.1 ,42.8 ,13.3 ,90.6 ,100.4,679.1,68.3 ,66.5
1968/01,49.1 ,68.7 ,83.6 ,50.3 ,42.9 ,13.3 ,90.7 ,100.4,715.6,68.3 ,66.4
1968/02,49.2 ,68.7 ,84.5 ,52.1 ,43.1 ,13.1 ,90.7 ,99.8 ,733.4,68.3 ,66.1
1968/03,49.1 ,68.7 ,84.1 ,52.2 ,43.5 ,12.7 ,90.7 ,99.8 ,733.4,68.3 ,66.8
1968/04,48.3 ,67.9 ,83.6 ,49.1 ,43.6 ,12.8 ,90.7 ,99.8 ,733.4,68.3 ,66.4
1968/05,48.2 ,67.4 ,83.5 ,48.1 ,43.6 ,12.7 ,90.4 ,99.8 ,733.4,68.3 ,67.5
1968/06,48.2 ,66.8 ,83.5 ,49.9 ,43.3 ,12.2 ,93   ,99.8 ,733.4,68.3 ,68.2
1968/07,47.8 ,66.1 ,83   ,49.3 ,43.4 ,12.2 ,92.8 ,99.8 ,733.4,68.3 ,67.7
1968/08,47.6 ,65.4 ,82.6 ,49.3 ,43.5 ,12.1 ,92.7 ,99.8 ,733.4,68.3 ,67.9
1968/09,47.6 ,64.8 ,82.2 ,50.3 ,43.6 ,11.9 ,92.3 ,99.8 ,733.4,68.3 ,67.7
1968/10,47.6 ,65.8 ,82.7 ,49.9 ,43.6 ,11.9 ,92.4 ,99.8 ,733.4,68.3 ,68.1
1968/11,48   ,67.1 ,82.2 ,50.3 ,43.9 ,12.1 ,92.8 ,99.8 ,733.4,68.3 ,68.7
1968/12,48.3 ,68   ,80.4 ,51.1 ,43.9 ,12.1 ,92.3 ,99.8 ,733.4,68.2 ,69.1
1969/01,48.4 ,69.1 ,79.6 ,51.6 ,44.6 ,12.1 ,92.4 ,99.8 ,733.4,68.2 ,69.6
1969/02,48.5 ,69.1 ,78.7 ,51.8 ,45.3 ,12.2 ,92.8 ,99.8 ,733.4,68.2 ,70.5
1969/03,48.8 ,69.2 ,78.5 ,51.6 ,45.9 ,12.1 ,93.7 ,99.6 ,733.4,70.9 ,71.9
1969/04,49.1 ,69.5 ,79.1 ,52.9 ,45.9 ,12.1 ,93.6 ,100.1,782  ,70.9 ,72.2
1969/05,49.5 ,70.1 ,79.6 ,54.4 ,46   ,12.2 ,93.9 ,100.5,782  ,70.9 ,71.9
1969/06,49.7 ,69.8 ,78.9 ,55.6 ,46.5 ,12.1 ,93.8 ,100.3,782  ,70.9 ,72.9
1969/07,49.4 ,69.9 ,77.3 ,55.6 ,46.3 ,11.9 ,93.8 ,93.1 ,782  ,70.9 ,74.7
1969/08,49.4 ,68.4 ,76.9 ,57.6 ,45.9 ,11.9 ,94.8 ,93.1 ,782  ,70.9 ,75.5
1969/09,49.2 ,68   ,76.9 ,58.2 ,45.2 ,11.8 ,94.8 ,93.2 ,782  ,70.9 ,74.8
1969/10,49.4 ,69.5 ,77   ,58   ,44.9 ,11.7 ,94.4 ,93.1 ,782  ,70.9 ,73.1
1969/11,49.9 ,69.9 ,77.9 ,60   ,45   ,11.8 ,94.8 ,93.1 ,782  ,71.3 ,71.8
1969/12,49.9 ,70.1 ,78   ,61   ,45   ,11.8 ,94.3 ,93.1 ,798.7,72   ,72.4
1970/01,51.1 ,71.7 ,78   ,61.1 ,45.4 ,11.8 ,95.4 ,97.8 ,964.5,72.2 ,72.8
1970/02,51.2 ,73.1 ,78.1 ,61.2 ,45.7 ,11.8 ,95.6 ,97.8 ,942  ,72.2 ,72.1
1970/03,51.5 ,73.4 ,77.8 ,62.8 ,45.7 ,11.8 ,95.6 ,97.9 ,914.6,72.3 ,71.5
1970/04,51.5 ,74.3 ,78.1 ,62.4 ,46   ,11.8 ,96.7 ,92.2 ,893.5,72.6 ,71.5
1970/05,51.4 ,74.9 ,78.5 ,60.8 ,46   ,12.1 ,96.7 ,92.3 ,856.9,72.6 ,70.9
1970/06,51.1 ,75.8 ,78.5 ,59   ,46.1 ,12.2 ,96.1 ,92.3 ,784.1,72.6 ,70.8
1970/07,50.9 ,77.4 ,78.8 ,57.7 ,46.3 ,12.1 ,97.1 ,92.6 ,748.4,72.9 ,70.5
1970/08,50.5 ,77.9 ,78.1 ,55.6 ,46.4 ,12.2 ,96.3 ,93   ,762.8,72.9 ,70.3
1970/09,50.5 ,78.6 ,77.1 ,55.3 ,46.5 ,12.2 ,96.3 ,93.2 ,746.3,72.9 ,70.1
1970/10,50.3 ,79.7 ,75.6 ,54   ,46.8 ,12.2 ,97.3 ,93.3 ,746.3,72.9 ,70
1970/11,50.5 ,79.9 ,77   ,53.6 ,46.8 ,12.4 ,97.4 ,93.4 ,742  ,72.9 ,70.6
1970/12,50.5 ,79.6 ,76.4 ,53   ,46.7 ,12.6 ,97.5 ,93.6 ,742  ,73.7 ,70.3
1971/01,50.9 ,81   ,77   ,52.5 ,47   ,13   ,97.3 ,95.6 ,707.2,73.7 ,70.1
1971/02,51.1 ,80.7 ,77.4 ,52.7 ,47   ,13   ,97.7 ,95.7 ,707.2,74   ,70.6
1971/03,51.5 ,79.3 ,76.8 ,54.1 ,47   ,13.4 ,97.3 ,95.7 ,695.9,74   ,71.2
1971/04,51.9 ,78.3 ,78   ,54.7 ,46.9 ,13.7 ,96.6 ,96   ,695.9,74   ,72.9
1971/05,51.9 ,77.9 ,79.6 ,51.6 ,46.5 ,14.2 ,96.3 ,96   ,687.4,74   ,72.9
1971/06,51.9 ,77.9 ,80.8 ,51.1 ,46.2 ,14.5 ,96.4 ,96.2 ,687.4,74   ,72
1971/07,52.1 ,78.5 ,80.9 ,51.8 ,45.8 ,14.7 ,95.9 ,96.2 ,687.4,74.7 ,71.3
1971/08,52.1 ,77.4 ,82.2 ,51.6 ,46   ,14.7 ,96.1 ,97.1 ,689.5,74.7 ,71
1971/09,50.3 ,75.4 ,78.5 ,48.3 ,43.8 ,14.4 ,93.3 ,97   ,664.1,74.7 ,69.5
1971/10,49.5 ,72.8 ,75.9 ,47.3 ,43.5 ,14.4 ,92.7 ,94.7 ,657.8,74.7 ,68.1
1971/11,49.1 ,71.7 ,75.7 ,46.9 ,43.2 ,14.1 ,93.3 ,93.9 ,644.4,74.7 ,66.7
1971/12,48.4 ,71.6 ,76.1 ,46.2 ,42.3 ,13.8 ,91.6 ,93.2 ,637.2,74.8 ,66.3
1972/01,48.2 ,70.8 ,77   ,45.6 ,42   ,13.7 ,91.9 ,92.4 ,629.7,74.4 ,66.1
1972/02,48   ,71.6 ,78.8 ,45.3 ,41.6 ,13.5 ,89.5 ,92.2 ,621.2,74.3 ,65.4
1972/03,48   ,71.3 ,78.5 ,45.5 ,41.8 ,13.4 ,88.5 ,92.4 ,615  ,74.2 ,66.1
1972/04,48.3 ,72   ,79.6 ,45.3 ,42.5 ,13.7 ,88.3 ,92.5 ,611.6,72.1 ,67.2
1972/05,48.3 ,71.2 ,81.3 ,45.1 ,43.1 ,13.8 ,88.5 ,92.6 ,605.6,72.2 ,67.7
1972/06,48.2 ,71   ,80.2 ,44.2 ,43.2 ,13.8 ,88.5 ,92.2 ,604.5,72.1 ,67.1
1972/07,47.8 ,70.8 ,78.3 ,43.8 ,43.1 ,13.7 ,88   ,91.9 ,597.2,72   ,67.8
1972/08,48   ,71.6 ,78.1 ,44.1 ,43.5 ,13.5 ,88.5 ,92.2 ,597.2,72   ,69.3
1972/09,48.5 ,74.9 ,81.4 ,44.4 ,44   ,13.5 ,89   ,91.9 ,597.2,72   ,70.7
1972/10,49.5 ,78.3 ,93.5 ,44.1 ,45.3 ,13.3 ,91.6 ,92.2 ,591.8,72.9 ,74.5
1972/11,50.2 ,79.7 ,94.4 ,43.9 ,48.5 ,13.4 ,91.4 ,92.2 ,594.6,73   ,74.8
1972/12,51.5 ,84.1 ,98.5 ,44.4 ,54.4 ,13.5 ,91.4 ,92.2 ,594.6,73.2 ,74.5
1973/01,54.5 ,90.4 ,114  ,46.4 ,62.5 ,13.7 ,93.8 ,92.5 ,595.3,73.2 ,76.1
1973/02,53.5 ,89.9 ,120  ,45.1 ,63   ,13   ,93   ,90.1 ,576.1,72.6 ,73.7
1973/03,54.5 ,91.3 ,133.3,45.8 ,64.5 ,12.8 ,92.4 ,91.2 ,535.1,70.5 ,69.3
1973/04,54.1 ,92.1 ,120.7,46.7 ,64.2 ,12.8 ,91.9 ,90.3 ,536.8,70.3 ,69.3
1973/05,55.3 ,97.1 ,125.4,47.4 ,62.7 ,13.4 ,91.4 ,91.5 ,551.8,71   ,70
1973/06,56.9 ,101.3,134.9,50.6 ,62   ,13.7 ,91.7 ,92.5 ,555  ,71.6 ,72.7
1973/07,59.3 ,105.8,137.5,54.7 ,62.5 ,14   ,91.4 ,99   ,560.2,72.4 ,82.3
1973/08,61.3 ,115.7,139.1,56.3 ,63.9 ,14.4 ,92.2 ,97.5 ,554.6,72.2 ,83.6
1973/09,61   ,113  ,136.8,55.5 ,64.6 ,14.7 ,92.4 ,97.9 ,554.6,72.2 ,79.5
1973/10,62.4 ,113.8,137.3,57.6 ,66   ,15.3 ,93.6 ,98.4 ,555.9,72.5 ,80.6
1973/11,66.8 ,117.5,133  ,63.2 ,68.8 ,18.1 ,95.8 ,98.5 ,568.8,72.4 ,86.2
1973/12,69.7 ,123.3,147.1,64.4 ,70.7 ,19.2 ,97.5 ,99.1 ,572.4,74.2 ,89.8
1974/01,78.3 ,135.1,150.6,67.8 ,77.5 ,24.3 ,103.3,101.3,583.4,77.1 ,109.5
1974/02,91.3 ,136.6,145.6,72.9 ,77.8 ,37.2 ,108.2,103.1,583.2,76.9 ,110.2
1974/03,92.7 ,142.5,137.5,76.7 ,76.4 ,37.9 ,107.3,103  ,603.2,75.1 ,107.5
1974/04,95   ,147.9,131.6,81.3 ,75   ,39.6 ,107.8,102.4,605.6,74.6 ,103.9
1974/05,97.4 ,150.7,127.6,80.8 ,73.8 ,42   ,108.9,103.6,607.5,75.1 ,106.7
1974/06,98.8 ,149.9,126.4,80.3 ,73.3 ,43.7 ,111.8,105.2,610.3,77.3 ,108.8
1974/07,102.1,157.9,125.8,79.8 ,74.5 ,45.8 ,118.3,106.9,618.8,77.7 ,111
1974/08,106  ,167  ,126.8,82.2 ,75.7 ,47.9 ,121.2,108.8,635.8,78   ,117.9
1974/09,105.2,170.6,122.6,79   ,73.8 ,48.1 ,122.3,109.2,635.8,78.4 ,114.9
1974/10,106.4,185.5,118.4,78.5 ,69.4 ,48.2 ,122.4,111  ,628.7,80.8 ,116.5
1974/11,107.2,185.9,115.7,78.7 ,68.1 ,49.1 ,124  ,111.5,628.7,83.8 ,115.7
1974/12,107.7,187.1,113.9,77.8 ,68.8 ,49.8 ,123.1,112.2,628.7,85.1 ,114.4
1975/01,107.2,186.5,111.4,74.8 ,69   ,50.1 ,128.3,105.8,676.9,87.2 ,112.1
1975/02,105  ,176.4,108.9,71.1 ,70.4 ,49.7 ,128  ,106.8,670.9,86.6 ,112.4
1975/03,102.8,169.6,108.5,71.1 ,69   ,48.6 ,127.6,107.8,623.9,86.7 ,112.4
1975/04,104.1,171.1,108.4,72.4 ,66.6 ,49.4 ,129.6,109.6,621.9,86.2 ,115.4
1975/05,104.1,165.6,110.6,71.4 ,66.4 ,49.7 ,128.7,112.9,621.9,86.2 ,115
1975/06,103.8,160  ,111.8,70.1 ,66.4 ,50.3 ,128.5,114.5,618  ,86.7 ,117.3
1975/07,105  ,162.5,112.5,71.2 ,68.3 ,50.7 ,130.8,115.4,618  ,86   ,119.9
1975/08,106.8,170.3,114.9,72.2 ,69.7 ,51.1 ,132  ,117.7,620.2,85.4 ,120.6
1975/09,107.4,170.9,115.5,71.1 ,70.8 ,51.4 ,136  ,118  ,628.3,85.5 ,119.8
1975/10,108.7,167.7,116.6,70.5 ,71.7 ,52.8 ,143.7,120.1,648.7,86.3 ,121.2
1975/11,110  ,163.4,119.2,70.3 ,72.8 ,54.2 ,142.1,120.1,650.8,86.3 ,123
1975/12,111.1,159  ,122.8,70.5 ,73.2 ,55.6 ,142.8,120.6,657.8,86.4 ,124.8
1976/01,111.5,158.7,127.3,70.7 ,72.6 ,55.9 ,141.1,123.3,656.7,86.4 ,125.5
1976/02,111.9,160.4,128.5,70.8 ,73.1 ,55.9 ,137.5,125.2,653.9,87.4 ,123.9
1976/03,111.9,159.2,127.6,72.6 ,73   ,55.7 ,137.5,124.9,652.6,89.3 ,123.7
1976/04,112.1,157.4,128.5,74.9 ,73.9 ,55.6 ,134.9,123.7,665.3,89.3 ,126.3
1976/05,112.9,160  ,133.2,75.4 ,75.1 ,55.5 ,134.9,123.1,664.1,89.5 ,128.4
1976/06,113.4,161.2,139.4,75.6 ,77.7 ,55.5 ,133.6,122.8,662.5,89.4 ,129.4
1976/07,113.3,161.6,143.9,76.1 ,78.6 ,54.9 ,133.1,122.8,663.1,88.9 ,127.5
1976/08,111.1,155  ,141.3,73.6 ,80.6 ,54.1 ,130.9,122.5,662.5,88.7 ,125.8
1976/09,110  ,151.9,141.2,72.5 ,80.9 ,53.5 ,129.9,121.7,658.8,88.7 ,123.7
1976/10,110.7,149.1,145.4,72.1 ,85.2 ,53.8 ,132.8,121.5,659.9,89.7 ,123.2
1976/11,111.9,151.6,145.5,73.8 ,84.9 ,54.5 ,134.9,122.6,669.6,93.7 ,123.1
1976/12,111.5,151.7,143.4,73.8 ,82.7 ,54.2 ,134.9,122.5,682  ,93.8 ,123.7
1977/01,111.5,156.3,137.8,74.8 ,82.9 ,54.1 ,134.6,123.8,682  ,93.3 ,123.7
1977/02,112.2,157.1,140.6,74.5 ,81.7 ,54.8 ,132.9,122.1,664.5,92   ,122.3
1977/03,112.2,160.3,141.6,75   ,82.3 ,54.4 ,133.5,120.6,657.9,91.8 ,122
1977/04,111.3,163.7,140.4,72.5 ,81   ,53.9 ,133.1,119.2,652.6,90.6 ,121.1
1977/05,111.4,161.6,138.3,72.1 ,80.9 ,54.1 ,134.9,119.8,648.3,91   ,121.2
1977/06,108.7,153.6,130.6,69.6 ,79   ,53.8 ,131.2,118.8,618.8,90.3 ,118.9
1977/07,105.1,143  ,125  ,67.3 ,76.5 ,52.5 ,126.9,116.6,615  ,89.7 ,115.2
1977/08,105  ,137.5,119.4,68.3 ,76.6 ,53   ,125.7,118.3,611.6,89.7 ,114.6
1977/09,105.1,137.8,118.6,68.7 ,76.4 ,53.1 ,125.2,119.3,611.6,88.4 ,115.4
1977/10,102.1,134.2,115.5,66.4 ,72.1 ,51.7 ,122.7,116.7,603.2,87.3 ,111.1
1977/11,98.8 ,135.1,110.8,63.9 ,68   ,49.7 ,119.1,113.4,584.5,85.8 ,108.1
1977/12,97.2 ,130  ,110.5,63.4 ,66.4 ,48.6 ,118.3,112.9,572.4,86.6 ,107.9
1978/01,97.2 ,129.8,112.9,63.7 ,66.6 ,48.4 ,118.5,113.6,573.7,87   ,107.9
1978/02,97.3 ,130.4,114.6,63.4 ,67.8 ,48.4 ,118.1,112.1,558.9,87   ,108.8
1978/03,95.7 ,129.1,115.4,62.4 ,66.1 ,47.3 ,117.6,110.8,549.5,86   ,105.9
1978/04,92   ,128.1,113.5,59.7 ,63.8 ,44.9 ,115.7,107.7,530  ,84.9 ,102.4
1978/05,93.3 ,129.4,114.9,60.7 ,65.5 ,45.6 ,114.1,109  ,534.1,83.6 ,103.1
1978/06,90.1 ,122  ,112.3,58.9 ,62.3 ,44.2 ,112.7,105.6,518.5,81.3 ,101.9
1978/07,84   ,110.5,107.1,55.5 ,60.6 ,40.8 ,106.6,100.9,487.8,74.7 ,98.1
1978/08,79.8 ,104.1,104.5,53.8 ,59.2 ,38.5 ,100.9,95.9 ,462.1,71   ,97.9
1978/09,80.9 ,106.6,105.3,54.5 ,62.3 ,38.6 ,100.5,97.1 ,464.4,73   ,100.1
1978/10,80.2 ,104.8,104.5,54.8 ,64.2 ,37.8 ,98.9 ,95.3 ,458.1,73.3 ,100
1978/11,82   ,107.3,108.7,56   ,68.1 ,38.6 ,100.5,96.7 ,465.6,75.3 ,102.5
1978/12,84.5 ,109.9,111.9,58.2 ,72.1 ,39.7 ,102.5,100.4,473.8,76.8 ,104
1979/01,86.8 ,111.7,113.5,61.1 ,77.8 ,40.2 ,106.1,104.4,495.1,78.6 ,107.8
1979/02,90.1 ,114.6,115.5,66.4 ,81.5 ,41.3 ,108.9,106.2,498.4,79.6 ,111.1
1979/03,92.7 ,118.5,117.5,69.2 ,85.4 ,42.7 ,111.5,107.3,513  ,81.3 ,118.4
1979/04,98.3 ,124.5,120.3,73.1 ,92.9 ,45.7 ,116.3,109.5,527.7,83.8 ,127
1979/05,105.4,130.1,121.7,74.9 ,98.3 ,51.1 ,118.3,113.3,533.7,84.3 ,131.5
1979/06,109  ,139.1,123.6,76.5 ,107.3,52.6 ,119.4,114.7,517.3,84.6 ,131.2
1979/07,114.9,145.1,124.4,76.7 ,117.4,57   ,122.3,117.9,508.7,85   ,131.4
1979/08,120.9,142.5,126  ,79.5 ,122.4,62.4 ,123.6,118.4,510.7,85.2 ,127.8
1979/09,125.1,143.4,130.1,86.2 ,125.3,64.6 ,125.1,120.1,523.3,86.5 ,126.4
1979/10,129.9,146.1,135  ,91.4 ,127.7,67.1 ,127.8,124.1,553.8,92.1 ,133.9
1979/11,139.5,153.8,139.9,98.1 ,132.9,73.6 ,132.2,130.6,588.3,100.7,141.8
1979/12,147  ,154.3,141.2,102.5,129.1,80.6 ,133.6,131.4,580.8,100.4,143.7
1980/01,160.1,156.9,145.4,115.1,133.5,89.4 ,148.4,132.2,584.5,109.5,141.3
1980/02,170.6,160.4,150.5,123.3,143.1,97.4 ,152.4,134.6,606.4,112.3,144.7
1980/03,173  ,161.4,150.8,115.8,144.9,101  ,151.4,140.1,615  ,111.5,142.7
1980/04,175.1,162.5,152.3,110.6,143.6,103.9,151.8,142.3,637.2,111.4,145.9
1980/05,164.7,152.6,143.9,100.9,130.7,98.9 ,141.3,134.2,603.6,108.7,135.2
1980/06,159.7,149.2,138.4,96.7 ,121.9,96.6 ,135.1,129.9,584.5,104.1,130.8
1980/07,161.9,154.6,139.6,99.3 ,120  ,97.6 ,133.9,131.8,588.3,105.1,137
1980/08,165.9,161.4,144.3,100.2,121.5,100.5,132.9,133.2,609.6,105.1,140.3
1980/09,162.2,159.3,145.1,97.8 ,114.3,98.1 ,130.9,133  ,586.6,105.1,134.8
1980/10,157.7,156.3,142.1,94.3 ,104.1,96.3 ,127.9,129.4,570.1,102.6,132.2
1980/11,159.7,163.4,143.5,93.8 ,102.7,97.4 ,129.3,128.5,577.4,103.4,134
1980/12,158.3,159.7,143.4,89.7 ,101  ,97.6 ,126.8,128.6,572.4,102.7,131.6
1981/01,155.7,155  ,141.4,85.7 ,101.7,96.6 ,120.1,128.4,585.8,101.8,126.3
1981/02,158.1,154.6,141.1,84.4 ,103.3,99.7 ,118.8,127.4,593  ,102.2,126.1
1981/03,160.7,154.5,141.2,85   ,103.5,102.1,121.2,129.6,597.2,103  ,127.4
1981/04,163.9,154.5,142.7,87.5 ,101.8,104.5,126.2,133.8,608.4,103.4,129.3
1981/05,167.9,155.3,143.4,89.1 ,104.1,107.9,127.4,134.6,645.5,105.3,130.5
1981/06,169.9,154.3,145.1,89.1 ,104.1,109.8,129.3,136.4,667.4,106.2,131.2
1981/07,172.7,156.3,146.1,90.3 ,105.2,111.6,131.7,139  ,680.3,108.3,133.7
1981/08,173.6,155.4,143.5,92.7 ,104.4,112.7,129.3,142.5,672.5,108.2,133.4
1981/09,171.5,148.3,141.4,90.9 ,102.8,111.8,127.1,148.1,665.3,108.9,131.9
1981/10,172.1,146.5,142.7,89.7 ,104.9,112.4,124.8,149  ,702.5,109.8,133.2
1981/11,169.2,140.4,139.3,85.7 ,105.3,111.1,121.6,147.3,683.3,116.4,130.4
1981/12,165.6,133.8,137.1,83.7 ,107.4,108.9,117.9,146.2,670.5,116.6,127.4
1982/01,167.6,136.1,140.1,84.2 ,110.7,109.8,116.9,151  ,703.3,118.1,130.1
1982/02,173.1,141  ,142.5,87.5 ,113.4,113.6,120.6,155.6,725.5,123  ,132.9
1982/03,175.8,143.7,146  ,86.9 ,115.4,115.5,121.9,158.7,737.7,123.5,135.5
1982/04,177.9,145.8,148.5,88.4 ,114  ,116.8,124.3,160.7,751.6,123.9,138.6
1982/05,173.9,141.7,147.1,87.4 ,110.2,114  ,120.6,159.2,740.2,123.7,135.4
1982/06,178.7,144.7,149.1,88.2 ,112.7,117.7,123.7,162.6,762.8,130.2,139.1
1982/07,182.6,143.8,152.4,91.8 ,112.7,121.1,124  ,167.2,767.1,131.8,139.4
1982/08,184.4,141.5,150.6,93.1 ,113.2,122.7,125.5,168.8,792.3,132.6,140.5
1982/09,186.5,143.8,149  ,95.3 ,114.2,124  ,127.2,171.8,814.4,132.6,141.6
1982/10,190.4,148.4,149.7,97.8 ,113.7,126.8,129.3,174  ,818.5,132.9,142.8
1982/11,188.6,151.7,146.3,94.6 ,110.6,125.7,128.9,172.9,816.5,133.7,139.4
1982/12,178.4,144.3,142.1,88.9 ,103.8,118.2,125  ,168.5,787.6,133.2,131.2
1983/01,172.2,138.3,140.1,87.1 ,98.9 ,113.9,120.2,165.6,762.8,131.5,124.9
1983/02,172.7,137.8,140.1,89.9 ,98.7 ,113.9,121.2,164  ,766.1,132.6,127.4
1983/03,168.7,137.9,141.6,88.9 ,98.7 ,109.2,122.1,165.2,763.2,135.4,129.8
1983/04,167  ,141.5,142.1,90.7 ,98.2 ,106.6,122.9,162.6,763.2,135.4,132.7
1983/05,162.3,140.5,142.1,91.4 ,97.6 ,101.4,124  ,159  ,759  ,134.6,131.6
1983/06,163.9,141.5,145  ,92.1 ,98.9 ,102.6,124.8,157.6,759  ,136.5,134
1983/07,164.3,143.4,145.1,92   ,99.8 ,102.5,125.4,157.3,759  ,137.8,135.6
1983/08,166.9,153.2,146  ,93.1 ,102.8,103.5,127.6,157.3,765.4,137.4,137.2
1983/09,166.8,154  ,146.2,93   ,104.6,103.1,127.6,156.9,767.4,137.8,135
1983/10,161.9,149.1,144.5,87.2 ,102.9,100.3,125.2,153.1,753.6,136.6,131.1
1983/11,161.9,148.7,146  ,86.2 ,103.5,100.3,125.2,153.1,751.5,135.9,132.9
1983/12,161.2,147.3,146.3,87.2 ,101.7,99.9 ,125.4,153.1,749.7,135.9,132.7
1984/01,161  ,146.1,146.4,86.4 ,100.5,99.7 ,131  ,152.5,733.4,137.4,133.6
1984/02,160.7,143.6,148.1,87.5 ,102.3,99.3 ,129.9,152.5,733.4,137.8,134.4
1984/03,157.7,141.7,147.3,85.9 ,102.3,97.1 ,125.3,151.3,723.2,136.1,132.7
1984/04,157.5,142.4,147.3,85.4 ,107.7,96.3 ,125.2,151  ,729.4,136.2,134.3
1984/05,159  ,146.5,148.1,82.7 ,110.6,97.2 ,127.4,151.9,734.6,136.9,136.6
1984/06,159  ,146.5,147.3,82.5 ,106.1,97.7 ,127.1,153.1,738.1,137.2,136.3
1984/07,160.7,143.6,146.3,83.2 ,102.3,99.9 ,128.1,154.8,745.2,140.2,139.8
1984/08,161  ,140.5,143.8,83.1 ,100.6,100.8,127.9,154.8,748.4,140.1,139.8
1984/09,161.6,139.1,142.7,82.5 ,100.2,101.8,126.4,155.1,753.9,139.5,139.4
1984/10,161.9,137.1,143.3,82.1 ,100.4,102.4,126  ,155.5,762.8,139.6,137.9
1984/11,160.6,136.7,143.1,83   ,99.5 ,101.4,124.8,155  ,759  ,140.2,135
1984/12,161.3,136.5,142.7,82.8 ,100.1,102.1,125.2,155.6,761.9,139.8,135.8
1985/01,165.9,137.8,143.1,83.5 ,103.7,106.5,127.6,158.6,772.5,139.8,133.4
1985/02,168.2,139  ,141.6,85.4 ,105.1,108.3,130.4,160.1,760  ,143  ,133
1985/03,166.9,138.9,141.3,85.1 ,103  ,107.2,130.1,155.7,761.9,143  ,132.1
1985/04,164.6,136.7,140.3,85.7 ,100.5,104.7,128.1,154.8,757.6,142.7,132.4
1985/05,163.7,135.8,140.3,85   ,98.9 ,104.4,127.6,154.9,760  ,143  ,132.6
1985/06,161.3,133  ,139.2,82.1 ,97.1 ,103.4,125.3,154.2,751.5,142.2,131.5
1985/07,157.5,128.8,137.2,80.8 ,93.9 ,100.6,122.2,149.5,738.1,142.7,128.9
1985/08,154.2,123  ,135.3,80.3 ,93.2 ,98.3 ,119.4,147.6,728.2,143.3,127.5
1985/09,152.6,120.7,132.4,78.5 ,92.8 ,98   ,118  ,147  ,686.7,142.9,126.5
1985/10,144  ,114.6,128.5,73.3 ,86.9 ,92.4 ,109  ,140.4,648.7,135.6,120.7
1985/11,138.6,112.8,126  ,69.8 ,86.6 ,88.5 ,103.8,133.5,610.3,134  ,116.2
1985/12,137.7,112.6,125.8,69.2 ,87.6 ,87.6 ,103.8,131.8,609.6,133.3,115.6
1986/01,137.3,117.4,124.5,70.2 ,88   ,86.4 ,102.5,131  ,598.1,133.8,114.4
1986/02,127.8,109.2,122.1,65.5 ,79.7 ,79.5 ,96.4 ,126.5,560.2,132.1,109.4
1986/03,114.1,106.6,120.4,64.4 ,77.4 ,63.3 ,93.6 ,122  ,538.9,131.9,107.2
1986/04,105.4,103.6,119.5,63   ,76.5 ,53.2 ,91   ,120.5,529.7,131.2,106.4
1986/05,97.2 ,100.1,116.8,60.1 ,73   ,45.4 ,89.4 ,117.4,503.1,130.1,103.1
1986/06,95.5 ,97.1 ,110.8,60.1 ,72.4 ,44.4 ,87.5 ,117.4,501.6,121  ,104
1986/07,88.9 ,90.3 ,104.3,57.6 ,67.4 ,40   ,83.5 ,112.7,485  ,106.6,101.6
1986/08,83.6 ,86.2 ,98.1 ,57.3 ,66   ,35.2 ,79.8 ,109.8,484.6,106.6,99.8
1986/09,84.5 ,85.6 ,99.1 ,59.3 ,67.3 ,35.8 ,78.9 ,109.5,482.6,105.7,100.2
1986/10,87.7 ,85.6 ,102.4,59   ,70.6 ,39.2 ,79.2 ,109.3,480.5,107.3,102.1
1986/11,90.3 ,88.1 ,104  ,59.3 ,77.5 ,40.8 ,81.9 ,112.1,492.2,109.6,104.4
1986/12,91.1 ,87.6 ,108  ,59.3 ,81.5 ,41.5 ,79.9 ,113  ,495.7,110.4,105.2
1987/01,90.8 ,84.9 ,108.4,58.4 ,79.9 ,42.4 ,77.9 ,110.7,487.4,110.6,104.7
1987/02,91.9 ,83   ,108.2,57.6 ,77.2 ,44.9 ,77   ,109.2,479.1,111.2,104.3
1987/03,92.3 ,83   ,109.5,58.4 ,74.5 ,45.1 ,76.8 ,111.6,475.1,110.5,103.8
1987/04,89.5 ,80.5 ,109  ,57.6 ,69.7 ,43.4 ,75.9 ,109  ,456.4,105.4,102
1987/05,89.4 ,81.2 ,108.9,57.5 ,70.8 ,43.4 ,75.8 ,106.2,451.7,102.8,101.5
1987/06,91.3 ,82.6 ,110.9,58.2 ,77.8 ,44.4 ,78.5 ,107.4,455.7,101.4,103.7
1987/07,94.7 ,83.3 ,113.3,60.6 ,90.4 ,45.7 ,80.3 ,109.3,471.5,104.6,107.5
1987/08,95.3 ,82.2 ,117.9,61.6 ,96.9 ,45.8 ,79.9 ,108.9,472  ,104.2,105.5
1987/09,93.9 ,80.3 ,114.6,60.7 ,102.2,44.7 ,78.6 ,107.9,464.4,103.7,103.9
1987/10,94.7 ,81.1 ,114.6,62   ,106.2,44.7 ,79.3 ,108  ,462.1,103.1,105.1
1987/11,92   ,79.9 ,110.8,62.4 ,95.7 ,43.1 ,77.5 ,105.6,445.7,104.2,102.3
1987/12,89.4 ,78.8 ,109.9,62.3 ,84.7 ,41.4 ,76.4 ,102.2,439.2,103.6,100
1988/01,87.7 ,79.2 ,109.2,61.2 ,79.2 ,40.2 ,77   ,101.2,434.9,102.2,100.1
1988/02,88   ,80.5 ,111.6,59.7 ,81.8 ,40.1 ,78.8 ,101.7,432.8,98.8 ,99.9
1988/03,88.3 ,80   ,112.3,61.9 ,84.5 ,39.6 ,79.8 ,101.5,430  ,98.6 ,99.5
1988/04,86.8 ,78.3 ,112.8,61.7 ,83.9 ,38.2 ,80.7 ,100.8,415.1,97.6 ,100.1
1988/05,86.8 ,79.3 ,113.5,64.3 ,82.3 ,37.1 ,81.9 ,100.2,415.1,96.8 ,100.6
1988/06,88.9 ,86.9 ,114.6,67.2 ,82.2 ,37.1 ,83.9 ,98.9 ,418  ,95.2 ,100.5
1988/07,90.7 ,93   ,115.7,66.1 ,83.3 ,37.8 ,87.6 ,101.5,427.6,95   ,103.4
1988/08,90.1 ,93   ,114.3,66.2 ,83.7 ,37.1 ,89   ,102.2,415.1,96.4 ,103.7
1988/09,90.3 ,92.8 ,114.6,67   ,86.4 ,36.8 ,90.6 ,102.7,418  ,97   ,102.9
1988/10,88.3 ,91.6 ,114.2,66.8 ,84.7 ,34.9 ,90.6 ,101.2,409.9,96.2 ,99.9
1988/11,84.2 ,88.3 ,105.1,66.8 ,79   ,32   ,88.3 ,97.9 ,390  ,97.6 ,96.6
1988/12,83.9 ,87.8 ,102.9,68.4 ,80   ,31.5 ,88.1 ,97   ,390  ,98.3 ,96.2
1989/01,86.4 ,89.3 ,103.1,69.8 ,84   ,33.5 ,88.8 ,98.2 ,395.5,98.1 ,99
1989/02,88.6 ,89.4 ,101.8,68.3 ,85.4 ,36.3 ,89.9 ,99.2 ,396.3,97.9 ,100
1989/03,90.3 ,90.9 ,102.8,70.2 ,88.2 ,37.1 ,90.8 ,100.6,402.3,98.5 ,101.9
1989/04,92.7 ,92   ,106.3,70.3 ,91.9 ,39   ,92.3 ,102.5,402.3,101.8,103.7
1989/05,96.1 ,94.6 ,110.5,71.2 ,99.3 ,41.1 ,94.5 ,104  ,413  ,102.5,105.2
1989/06,98.3 ,96.6 ,115.5,69.9 ,104.7,42.5 ,97.3 ,106.1,424.8,104.7,108.9
1989/07,97   ,94.1 ,116.8,67.6 ,103.8,41.9 ,94.8 ,106.5,420.4,109.6,108.5
1989/08,96.6 ,90.7 ,116.2,68.8 ,104.2,41.8 ,94.4 ,106.5,415.1,109.4,108.4
1989/09,97.8 ,91.6 ,117.8,70.2 ,104.9,42.3 ,94.4 ,108.6,426.4,111.1,111
1989/10,96.4 ,91   ,117  ,69.1 ,100.1,42.2 ,89.9 ,108.5,417  ,112.7,109.4
1989/11,96.7 ,93.2 ,117.5,67.6 ,99.8 ,42.7 ,86.4 ,109  ,420.4,114.8,110.6
1989/12,96.7 ,93.5 ,117.5,66.1 ,100.4,43.3 ,82.4 ,109.3,421.6,117.3,111.2
1990/01,98.4 ,92.7 ,117.5,65.2 ,100.5,44.4 ,80.4 ,111.5,434.7,120.2,112
1990/02,99.5 ,93.7 ,117.9,64.9 ,101  ,45.6 ,82.9 ,112.2,433.5,120.1,112.5
1990/03,103.1,97.1 ,120.4,70.2 ,104.7,46.7 ,85.6 ,115.3,446.6,123.9,116.1
1990/04,105.2,100.8,124.5,71.8 ,106.5,47.2 ,88.1 ,118.7,451.8,125.7,119.6
1990/05,103.1,100.3,124.7,71.2 ,105.5,44.4 ,86.1 ,117.6,447.8,124.9,118.4
1990/06,101.7,100.4,123.3,70.2 ,106.6,43   ,85.1 ,116.5,446.1,123.7,118.1
1990/07,99.7 ,98.7 ,122.3,69.9 ,102.6,41.1 ,83.1 ,115.5,439.9,123.1,117
1990/08,100.8,97.1 ,121.3,73   ,100.7,42.8 ,81.2 ,115.4,434.7,127.3,117
1990/09,103  ,92.1 ,118.4,71.6 ,95.2 ,51.5 ,78.3 ,112.5,412.6,120.1,112.6
1990/10,105.1,88   ,115.9,64.4 ,89.4 ,62.1 ,76.2 ,109  ,388.8,115.5,108.3
1990/11,105.8,86.6 ,114  ,60.7 ,88.7 ,65.6 ,77.5 ,108  ,381.8,115.8,107.1
1990/12,106.6,88   ,113.2,61.2 ,92.4 ,64.3 ,81.1 ,110.6,390.2,119.6,109.1
1991/01,103.6,88.7 ,113.9,61.8 ,92.9 ,58.8 ,84.3 ,110.9,374.1,120.3,109.2
1991/02,98.4 ,87.8 ,112.8,59.6 ,92.3 ,51.3 ,85.3 ,109.3,370.4,119.5,107.2
1991/03,96.4 ,89.4 ,112.9,61.7 ,96.5 ,45.5 ,87.2 ,111.6,380.3,117.5,108.9
1991/04,95   ,89.7 ,113  ,61.2 ,97   ,43.3 ,86.7 ,111.1,382.2,114.4,108
1991/05,94.4 ,89.7 ,115.1,59.6 ,97.6 ,42.9 ,85.6 ,111  ,383.6,114.5,107.8
1991/06,94.8 ,90.4 ,115.5,59.6 ,97.6 ,43.5 ,83.9 ,112.1,386.4,114.2,107.2
1991/07,93.3 ,89   ,114.3,59.1 ,97   ,42.3 ,80.5 ,110.9,383.8,114.4,105.6
1991/08,92.5 ,88.7 ,113.4,57.6 ,96.3 ,42.2 ,77.2 ,110.4,382.2,115.5,104.8
1991/09,91.6 ,88.4 ,112.7,56.8 ,94.4 ,42.3 ,75.8 ,109.1,370.4,115.7,103.7
1991/10,90.2 ,86.9 ,111  ,55   ,92.4 ,42.4 ,74.7 ,107.1,363.4,113.8,102
1991/11,90.8 ,86.6 ,110.4,54.7 ,91.5 ,43.3 ,74.2 ,106.8,362.7,119.3,101.7
1991/12,90.1 ,86.3 ,110.3,53   ,91.3 ,43.1 ,73.1 ,106.6,356.9,122.2,101.6
1992/01,87.4 ,85.3 ,108.2,51.8 ,91   ,40   ,72.4 ,105  ,352.1,120  ,100
1992/02,88   ,86.4 ,108.5,53.7 ,94   ,39.5 ,73.3 ,105.9,352.4,119.6,100.8
1992/03,89.7 ,88.4 ,110.3,55.6 ,97.1 ,39.6 ,75.2 ,108.8,364.4,121.3,102.1
1992/04,90.2 ,89   ,111.3,55.7 ,97.5 ,39.7 ,76.4 ,109.5,365.9,123.9,103
1992/05,90.1 ,89.5 ,111.1,54.9 ,96.2 ,40   ,75.3 ,108.3,364  ,123.2,102.2
1992/06,88.7 ,88.1 ,109.4,53.6 ,95.4 ,40.3 ,73.8 ,106.4,347.4,120.5,100.8
1992/07,89.7 ,86.9 ,108.6,54.2 ,97.4 ,41.7 ,73   ,107.3,346.2,123.6,101.4
1992/08,90.3 ,86.8 ,107.5,54   ,99.3 ,42.4 ,73   ,108.1,345  ,126.4,102.4
1992/09,88.1 ,85.8 ,104.9,52.2 ,100.7,40.6 ,72.6 ,106.2,337.1,124  ,100.7
1992/10,86.2 ,83.8 ,101  ,49.6 ,102.2,39.7 ,72.2 ,104.7,328.6,120.8,99
1992/11,86.7 ,84.3 ,101.3,49.1 ,105.3,40.3 ,74.1 ,105.3,331.1,118.1,98.8
1992/12,86.7 ,84.2 ,102  ,49.5 ,108.4,39.9 ,74.2 ,105  ,329.2,118.7,98.8
1993/01,86.6 ,84.2 ,102.3,50   ,114.7,38.8 ,75.1 ,105.4,330.4,117.5,99
1993/02,84.9 ,82.3 ,100.4,48   ,121.9,37.1 ,74.6 ,103.2,326.8,116  ,96.8
1993/03,83.6 ,81.4 ,99.1 ,46.4 ,129.6,36   ,73.4 ,101.2,323.5,113.5,94.2
1993/04,82.1 ,79.9 ,97.1 ,44.1 ,136.9,35.3 ,71.7 ,98.6 ,315.4,112.4,92.6
1993/05,81.3 ,79.5 ,96.7 ,43   ,138.9,34.9 ,70.4 ,97.6 ,311.6,110.8,91.3
1993/06,79.3 ,76.7 ,93.9 ,42.6 ,134  ,34   ,69.5 ,95.9 ,305.1,107.3,89.7
1993/07,78.6 ,77   ,93.1 ,43   ,127.5,33   ,70   ,97   ,304.5,106.2,89.7
1993/08,75.2 ,75   ,91.2 ,41.5 ,115.3,30.5 ,68.4 ,94.7 ,300.6,104.4,87.4
1993/09,74.8 ,75   ,91.5 ,40.6 ,112.4,30.1 ,68.9 ,95.5 ,299.4,105.8,87.9
1993/10,74.5 ,75.7 ,91.5 ,40.2 ,109.2,29.8 ,69   ,95.9 ,300.6,106.3,88.3
1993/11,75.1 ,77.5 ,92.1 ,40.3 ,106.9,30.5 ,69.1 ,96.4 ,301  ,105.4,88.1
1993/12,75.7 ,79.5 ,93.5 ,41.7 ,108.6,29.9 ,69.8 ,97.3 ,302.6,106.3,89.5
1994/01,76   ,80.8 ,96.4 ,42.9 ,111.5,28.7 ,69.9 ,98.3 ,306.5,105.4,90.7
1994/02,74.3 ,79.1 ,96.6 ,42.2 ,110.7,27.9 ,68.1 ,95.5 ,298.5,102.2,87.3
1994/03,74.1 ,78.6 ,96.7 ,42.4 ,111.7,27.5 ,67.8 ,95   ,296.7,102.9,87.5
1994/04,73.1 ,77.9 ,96.4 ,41.7 ,111.2,26.8 ,67.7 ,94.1 ,293.8,101.7,86.1
1994/05,74.2 ,78.4 ,97.6 ,42.9 ,111.6,27.6 ,69.1 ,94.5 ,293.2,100.7,86.6
1994/06,74.8 ,77.5 ,98   ,43.8 ,110.6,28.3 ,70.1 ,93.7 ,291.6,101  ,87.6
1994/07,73.7 ,75.7 ,95.9 ,43.6 ,106.7,28.5 ,69.4 ,91.5 ,279.6,100.2,87.4
1994/08,75.1 ,76.1 ,95.9 ,43.6 ,106.5,29.8 ,75.3 ,91.4 ,280.2,99.7 ,88.1
1994/09,75.1 ,76.7 ,95.7 ,44.6 ,104.9,29.4 ,76.7 ,91   ,278.9,99   ,87.7
1994/10,75.1 ,76.3 ,95.3 ,45.5 ,102.5,28.7 ,80.8 ,90.9 ,277.7,99.7 ,88.9
1994/11,76   ,76.1 ,95.6 ,47.6 ,101.8,28.4 ,88.7 ,90.6 ,276.8,98.5 ,88.2
1994/12,77.9 ,77.2 ,97.2 ,49.3 ,104  ,29.2 ,94.2 ,91.7 ,278.9,98.9 ,89.8
1995/01,78.6 ,78.6 ,99.5 ,50.3 ,105.2,29.5 ,89   ,92   ,280.4,100.2,93.1
1995/02,78   ,78.4 ,98.7 ,48.8 ,106.1,29.8 ,89.2 ,91.1 ,271.7,99.9 ,92.9
1995/03,75   ,75.8 ,94.7 ,45.4 ,100.8,29   ,87   ,86.7 ,262.6,97   ,89.6
1995/04,70.8 ,72.5 ,90.3 ,42.9 ,95.5 ,26.9 ,82.8 ,82.3 ,247.6,92.2 ,85
1995/05,70.8 ,72.6 ,90.6 ,42.4 ,96.3 ,27.2 ,80.3 ,82.7 ,246.9,92.1 ,84.9
1995/06,70.4 ,72.4 ,89.3 ,43   ,94   ,27.2 ,78.7 ,82.6 ,242.4,91.8 ,84.8
1995/07,71   ,73.6 ,90.2 ,44.6 ,95.2 ,26.8 ,77.9 ,84.2 ,246  ,93.5 ,85.6
1995/08,73.9 ,76.9 ,94.5 ,47.3 ,100.8,27.6 ,78.3 ,89.1 ,254.7,97   ,90.1
1995/09,76.7 ,79.5 ,98.4 ,48.5 ,103.6,29.4 ,79.8 ,92.2 ,261.8,100.2,94.4
1995/10,77.1 ,80.7 ,98.9 ,47.4 ,101.7,30.1 ,80.2 ,92.8 ,260.2,101.3,96.1
1995/11,77.9 ,82.1 ,99.8 ,48.3 ,103.2,30.1 ,79.8 ,93.5 ,261.5,104.5,97.6
1995/12,77.9 ,81.9 ,99.5 ,48.1 ,103.4,30.6 ,78.9 ,92.9 ,259.5,104  ,97.5
1996/01,80.3 ,83.8 ,101.2,48.3 ,108.6,33.5 ,78.8 ,95.6 ,263  ,104.7,99.1
1996/02,80.3 ,84.3 ,101.4,48.4 ,109.9,33.8 ,79.1 ,96.9 ,259.8,104.6,97.9
1996/03,80.1 ,84.3 ,101.3,48.1 ,110.9,33.5 ,79.1 ,97   ,260  ,104.4,96.6
1996/04,81.2 ,86.5 ,102.2,48.4 ,111.9,34.9 ,79.3 ,97.9 ,258.7,104.6,96.7
1996/05,80.8 ,87.1 ,101.9,48.3 ,109.7,35.1 ,79.1 ,97.2 ,255.7,103.6,95.5
1996/06,81.5 ,88.1 ,103.8,47.1 ,110.3,35.4 ,79.5 ,98.9 ,259.1,107.6,96.9
1996/07,81.7 ,88.1 ,104  ,46.3 ,111.1,35.8 ,79.4 ,99.4 ,258.4,108.5,97.4
1996/08,81.1 ,85.7 ,103.1,45.9 ,111  ,35.8 ,79.5 ,98.4 ,255.1,108.3,96.6
1996/09,81.9 ,85   ,104.1,45.9 ,114.1,37.1 ,79.9 ,99.5 ,257  ,108.6,97.7
1996/10,84.1 ,85   ,105.5,46.5 ,117.2,40   ,80.7 ,101.2,260.8,109.2,98.6
1996/11,85.7 ,85.8 ,105.6,47.7 ,118.1,42.4 ,80.7 ,101.6,260.4,110.3,99.4
1996/12,86.6 ,85.4 ,106.3,48.5 ,120.7,43.4 ,81.7 ,102.3,262.3,111.1,100
1997/01,89.3 ,86.7 ,108.1,50.9 ,124.5,46.2 ,83.6 ,104.4,263.7,111.9,102.4
1997/02,92.5 ,90.3 ,110.8,52.9 ,127.7,48.6 ,86.4 ,107  ,270.3,112.8,104.7
1997/03,91.4 ,91.3 ,110.9,53.5 ,124.8,46.2 ,87.7 ,106.8,270.3,112.3,104.2
1997/04,91.7 ,94   ,112.6,54   ,122.7,44.5 ,90   ,108.7,271.2,113.9,106.5
1997/05,88.4 ,91.1 ,109.4,53   ,118.7,41.4 ,88.4 ,105.2,266.2,111.2,103.3
1997/06,85.5 ,87.3 ,107.3,51.6 ,114.1,39.6 ,86   ,101.6,260  ,108.9,99.8
1997/07,84.6 ,85.7 ,108.2,51.2 ,112.3,38.2 ,85.6 ,101.5,260.2,108.3,99.6
1997/08,85.2 ,86.9 ,109.5,52.1 ,111.2,38.2 ,86.2 ,102.9,260.8,108.8,100.6
1997/09,86.2 ,88.1 ,110.5,51.8 ,109.4,39.2 ,86.8 ,105  ,262.8,110.9,102.6
1997/10,86.3 ,88.4 ,110.5,51.5 ,104.3,39.6 ,86.8 ,105.4,262.3,111.2,103.3
1997/11,88   ,90.4 ,112.5,51.4 ,103.7,41.6 ,87.5 ,108.3,264.3,113.4,105.9
1997/12,89.6 ,91.7 ,114.4,51.6 ,104.4,43   ,88.8 ,110.9,266.9,114.6,107.7
1998/01,88.3 ,91.3 ,115.1,51.1 ,102.6,41.1 ,88.7 ,111  ,266.2,113.1,106.2
1998/02,84.6 ,89.2 ,113.6,50.1 ,97.5 ,36.1 ,87.1 ,108.2,262.2,111.8,104.2
1998/03,84   ,89.1 ,114.9,50.9 ,94.4 ,33.3 ,86.9 ,110  ,267.5,113.5,105.6
1998/04,84.4 ,89.9 ,115.8,52.5 ,93   ,32.3 ,86.7 ,112.1,271  ,114.6,107.5
1998/05,85.3 ,91.4 ,117  ,52.8 ,93.1 ,33.2 ,85.2 ,114.1,271.8,116.1,109.8
1998/06,87.3 ,92.6 ,119.3,52.6 ,97.8 ,34.6 ,85.8 ,118.1,277.8,118.3,112.8
1998/07,86.9 ,93   ,119.5,52.8 ,98.5 ,33.4 ,85.2 ,118  ,279.6,118.2,112.6
1998/08,87.9 ,94.1 ,120.8,53   ,100.6,33.8 ,86   ,120.3,283.2,119.7,114.2
1998/09,84.3 ,89.1 ,117.3,50.5 ,95.4 ,32.4 ,84.3 ,114.4,271  ,115.5,110.1
1998/10,79.5 ,85   ,112  ,45.7 ,90.1 ,30.9 ,80.8 ,106.4,254.7,109.7,103.3
1998/11,78.2 ,84.3 ,110.1,44.7 ,91   ,30.1 ,79.8 ,104.6,250.1,107.7,101.1
1998/12,76.4 ,82.6 ,109.1,43.5 ,90.4 ,28.8 ,79.1 ,102.8,243  ,107.1,99.4
1999/01,73.8 ,80.5 ,106.3,42.2 ,90.6 ,26.5 ,77.6 ,100.5,235.7,105.4,96.8
1999/02,74.7 ,79.5 ,106.8,43.6 ,94.7 ,26.8 ,77.2 ,102.7,240.5,106.1,98.2
1999/03,75.3 ,80.6 ,107.7,43.9 ,96.4 ,26.6 ,77.3 ,104.3,243.7,107.7,99
1999/04,76   ,81   ,107  ,44.4 ,97.2 ,27.9 ,77.3 ,104.2,243.4,107.6,98.7
1999/05,77.8 ,81.7 ,107.4,45.4 ,99.9 ,30.4 ,77   ,105.3,245.3,108.3,100.1
1999/06,77.9 ,80.4 ,107  ,44.4 ,99   ,31.9 ,76.9 ,104.5,243.3,106.2,99.5
1999/07,78.2 ,80.6 ,106.8,45.1 ,98.1 ,33   ,76.8 ,103.9,241  ,105.6,99
1999/08,76.8 ,77.9 ,104.3,43.4 ,92.3 ,34.6 ,76.1 ,99.7 ,231.8,103.8,95.5
1999/09,75.5 ,74.6 ,101.9,42.7 ,87.6 ,35.6 ,75.3 ,95.5 ,222.8,101.5,92.6
1999/10,76.2 ,74   ,100.9,43.2 ,85.5 ,37.4 ,76.1 ,94.6 ,220.3,102.3,92.3
1999/11,76   ,73.7 ,100.1,43.1 ,84.4 ,38.1 ,76.3 ,93.5 ,218.3,101.4,91.8
1999/12,75.5 ,71.2 ,99.3 ,43.1 ,83.9 ,39   ,75.8 ,91.5 ,215.1,100.4,89.9
2000/01,78.3 ,72.3 ,96.9 ,44.5 ,86.7 ,40.4 ,75.1 ,93.6 ,227.8,98   ,89.9
2000/02,80.7 ,74.3 ,98.6 ,47.6 ,90.1 ,42.9 ,77.4 ,96.2 ,229.3,100  ,92.5
2000/03,79.3 ,72.5 ,97.3 ,46.2 ,87   ,43.2 ,76.2 ,94   ,223.1,98.4 ,90
2000/04,78.5 ,71.5 ,97   ,44.8 ,85.2 ,43.2 ,76.4 ,92.4 ,219.4,97.6 ,89.9
2000/05,78.9 ,73.2 ,97.8 ,46.2 ,85.8 ,42.5 ,77.8 ,93.6 ,218.5,98.9 ,91
2000/06,78.2 ,71.9 ,97.1 ,45.6 ,84.4 ,43.3 ,77.5 ,92.7 ,211.9,98.4 ,89.9
2000/07,79.8 ,72.2 ,97.8 ,46.6 ,85.6 ,46.2 ,79.4 ,93.3 ,212.5,98.6 ,91
2000/08,80   ,71.5 ,97.5 ,47.1 ,85.6 ,46.9 ,80.4 ,92.9 ,211.9,98.6 ,90.9
2000/09,79   ,70.5 ,96.6 ,47.1 ,84   ,46.8 ,79.1 ,91.2 ,207.2,97.4 ,89
2000/10,80.6 ,71.5 ,97.3 ,47   ,85.3 ,50   ,79.9 ,92.2 ,206.5,98   ,90.1
2000/11,80.8 ,71.8 ,97.5 ,46.4 ,85.2 ,50.9 ,80.9 ,92.5 ,205  ,98.4 ,90
2000/12,82.4 ,75.1 ,98.6 ,48.8 ,87.9 ,51.4 ,82.3 ,95.3 ,205.7,100.8,92.7
2001/01,82.8 ,77.4 ,100.9,51.1 ,92.1 ,47.9 ,84.4 ,99.6 ,206.9,103.7,96.2
2001/02,81.2 ,76.1 ,99.8 ,49.8 ,90.9 ,46.8 ,83.8 ,98.7 ,201.3,103  ,95
2001/03,84   ,79.3 ,101.4,49.7 ,93.3 ,50.1 ,86.4 ,101.9,206.5,105.7,97.7
2001/04,84.6 ,80.3 ,102.6,49.8 ,92.9 ,51.1 ,87.2 ,103.5,204  ,106.5,98.8
2001/05,83.3 ,79.6 ,101.8,49.2 ,90.5 ,50.4 ,85.6 ,102  ,199.8,105.3,97
2001/06,83   ,79.2 ,101  ,47.9 ,89.2 ,51.4 ,84.7 ,101.5,197.7,105.1,95.7
2001/07,83.9 ,81.2 ,101.5,47   ,89.7 ,52.4 ,84.8 ,103.4,198.1,106.8,96.9
2001/08,81.3 ,80.5 ,100  ,44.6 ,87.2 ,49.7 ,81   ,101.7,192.7,105.4,95.8
2001/09,79.2 ,79.3 ,98.4 ,43.2 ,84.6 ,47.8 ,79.1 ,99.9 ,187.1,103.9,94
2001/10,79.6 ,79.6 ,98.8 ,42.5 ,86   ,48.3 ,79.5 ,101.4,187  ,105.3,95.2
2001/11,77.9 ,78.9 ,99.2 ,42.9 ,86.8 ,44.4 ,77.8 ,101.8,185.2,105.3,95.6
2001/12,79.6 ,81.8 ,100.9,45.4 ,90.3 ,43.7 ,79.1 ,105.3,191.2,108.2,98.7
2002/01,81.3 ,84.3 ,103  ,47.6 ,93.6 ,43.3 ,80.5 ,109.1,195.4,111.1,102
2002/02,81.4 ,84.7 ,103  ,48.1 ,93.3 ,43.3 ,80.8 ,109.4,196.3,110.9,101.8
2002/03,80.9 ,84   ,102.4,48.3 ,91.7 ,43.6 ,80.6 ,107.8,193.4,109.9,100.7
2002/04,82.7 ,83.6 ,102.3,48.3 ,92   ,48.4 ,81.7 ,108  ,191.2,110  ,100.4
2002/05,81.4 ,81.4 ,100.7,46.6 ,91   ,49   ,81.1 ,105.1,185.9,107.9,98.3
2002/06,80   ,79.8 ,99.4 ,46.4 ,92.4 ,48   ,81.7 ,103.5,178.9,107.3,97.5
2002/07,77.6 ,77.3 ,97   ,44.4 ,90.2 ,46.1 ,82   ,100.3,174.8,104.8,94.3
2002/08,78.2 ,78.6 ,97.7 ,43.8 ,90.6 ,47.3 ,83   ,100.3,173.2,105.4,94.9
2002/09,79.5 ,80.2 ,98.8 ,44.5 ,91.4 ,49.1 ,84.1 ,101.6,172.9,106  ,95.5
2002/10,81.8 ,83.3 ,99.9 ,45.9 ,93.3 ,52.2 ,85.7 ,104  ,173.4,108  ,97.8
2002/11,81.1 ,83   ,99   ,45.8 ,90.9 ,52.3 ,84.3 ,102.5,170.2,107.1,96
2002/12,80.4 ,83.9 ,99.3 ,46.2 ,90.8 ,50   ,84.7 ,103.3,169.6,107.7,96.8
2003/01,80.2 ,82.6 ,97.6 ,46.1 ,89   ,51.7 ,84.4 ,102.3,165.8,106.3,95.1
2003/02,82.1 ,83.9 ,98.2 ,47.1 ,89.4 ,55.2 ,86.6 ,102.9,165.3,107.4,95.8
2003/03,82.5 ,83.3 ,98.3 ,46.7 ,88.4 ,56.7 ,88.3 ,102.6,163.8,107.1,96
2003/04,81.7 ,84.1 ,98.8 ,46.6 ,89.1 ,54.3 ,90.5 ,103.1,161.8,108.7,96.8
2003/05,79.3 ,83.6 ,97.5 ,46.7 ,87.2 ,48.9 ,88.2 ,102.5,161  ,108.7,96.5
2003/06,79.9 ,84.9 ,98.2 ,47.7 ,87.8 ,49.3 ,88.6 ,103.2,161.1,109.5,97.1
2003/07,80.2 ,85.5 ,98.4 ,48.1 ,88.4 ,50   ,87.5 ,102.9,161.8,108.9,96.9
2003/08,80.8 ,86.3 ,98.1 ,48.8 ,89.2 ,51.1 ,87.5 ,102.3,161.4,108.9,96.5
2003/09,79.4 ,85.1 ,96.9 ,48.1 ,88.3 ,50.2 ,85.7 ,99.7 ,158.3,107.2,94.5
2003/10,76.7 ,83.3 ,96.9 ,47.3 ,85.9 ,47   ,83   ,96.2 ,153.4,104.8,91.8
2003/11,77.2 ,84.1 ,96.6 ,48.5 ,87.5 ,48.1 ,82.2 ,95.8 ,152.6,104  ,91.7
2003/12,77.6 ,84.2 ,96.4 ,50.1 ,88.2 ,48.6 ,82.6 ,96.2 ,151.8,104.3,91.9
2004/01,78.2 ,88.2 ,96.1 ,52.1 ,89.8 ,48.8 ,82.9 ,95.6 ,149.8,104.2,91.7
2004/02,79   ,89.3 ,96.2 ,54.5 ,92.3 ,49.4 ,84.1 ,95.9 ,148.4,104.4,92
2004/03,80.8 ,91.7 ,97.1 ,57.3 ,95.2 ,50.3 ,87.8 ,96.8 ,150.4,105.4,94.3
2004/04,81.4 ,90.7 ,96.6 ,58.2 ,95.7 ,52.6 ,87.9 ,97.3 ,148.4,104  ,93.4
2004/05,84.6 ,93.2 ,99.1 ,58.1 ,100.5,56.6 ,90.4 ,101.2,153  ,107  ,97.4
2004/06,84.4 ,91.9 ,97.4 ,57.5 ,97.9 ,58.3 ,89.5 ,99.4 ,149.5,105.5,95.7
2004/07,84.2 ,90.7 ,97.3 ,58.7 ,97.6 ,58.1 ,90.7 ,99.4 ,148  ,105.9,95.7
2004/08,85.1 ,89.8 ,97.7 ,59.2 ,97.3 ,59.8 ,92.2 ,100.1,148  ,106.7,96.7
2004/09,86.4 ,89.3 ,97.2 ,59.7 ,96.2 ,63.1 ,93   ,99.8 ,147.5,106.6,97.1
2004/10,85.7 ,88.2 ,96.7 ,61.3 ,94.9 ,61.5 ,94.8 ,100.3,145.5,106.3,96.7
2004/11,84.6 ,87.2 ,94.7 ,60.2 ,91.9 ,61.8 ,93.6 ,97.7 ,140.9,104.8,95.2
2004/12,83.3 ,87.3 ,94.3 ,60.2 ,91.3 ,59   ,93.2 ,97.5 ,139.9,105  ,94.6
2005/01,84.6 ,88.1 ,94.6 ,62.2 ,91.8 ,57.9 ,92.9 ,96.8 ,141.2,103.7,94.1
2005/02,86.5 ,90.3 ,95.4 ,63.8 ,93.6 ,61.6 ,94.3 ,97.8 ,140.4,105  ,95.3
2005/03,87.8 ,91.4 ,95.6 ,66   ,93.6 ,64   ,95.8 ,98.3 ,139.9,105.2,96.1
2005/04,92.3 ,92.5 ,96.7 ,70.2 ,94.5 ,74.2 ,97.1 ,99.5 ,140.2,106.5,97.7
2005/05,91.8 ,91.5 ,96.5 ,69.4 ,93.1 ,75.3 ,95.3 ,98.8 ,137.2,105.8,97.3
2005/06,92.2 ,92   ,97   ,70.9 ,94.4 ,75.3 ,96   ,99.3 ,136.6,106.6,98
2005/07,95.6 ,93.1 ,98.1 ,71.6 ,97.1 ,82.6 ,98   ,101.5,138.1,108.3,100.4
2005/08,96   ,91.1 ,97.9 ,72.5 ,96.5 ,84.9 ,97.1 ,101.2,137.6,107.9,99.8
2005/09,97.6 ,91   ,98.3 ,73   ,96.3 ,89.3 ,97.7 ,101.3,137.7,107.9,100.6
2005/10,100.6,93.7 ,100.3,75.4 ,99.5 ,93.2 ,100.9,103.3,139.5,109.8,103.6
2005/11,102  ,95.5 ,101.4,78.5 ,102.3,93.3 ,102.3,105.9,141.2,111.2,106
2005/12,101.6,96.3 ,101.9,81   ,103.6,90.5 ,102.3,106.5,141.3,111.4,106
2006/01,100.7,95.1 ,100.9,81   ,102.5,90.4 ,101.5,107.1,138  ,110.2,104.6
2006/02,104.6,97.5 ,101.9,84.8 ,105.5,98.1 ,103  ,108.4,139.1,111.4,106.7
2006/03,104.2,96.7 ,101.8,85.8 ,106.3,97.3 ,102.3,108.1,138.7,111.2,106.5
2006/04,105.3,97.5 ,101.7,93.2 ,108.7,96.8 ,104.8,108.4,138.5,112.1,107.2
2006/05,104.7,94   ,99.7 ,98.8 ,106.8,97.7 ,102.5,106.5,133.7,109.6,104.4
2006/06,107.2,96.7 ,101.2,98.1 ,112.4,101.5,104.9,109.9,135.6,111.1,107.3
2006/07,108.8,98.5 ,102  ,102.5,115.8,102.8,106.8,110.7,136.5,111.5,108.4
2006/08,111  ,98.7 ,102.1,104.4,117.9,108.7,108  ,111  ,134.6,111.8,108.6
2006/09,112.1,99.7 ,102.9,105.7,119.7,109  ,111.1,113.6,136.7,112.6,109.2
2006/10,110.4,101.6,103.7,108.2,123.3,100.8,113.8,114.4,137.6,113  ,110.4
2006/11,108.1,103  ,103.1,107.5,123.4,94.4 ,113.4,114.3,137  ,112.8,108.9
2006/12,108.4,105.3,103.5,108.4,124.4,94.2 ,114.2,115.5,136.7,113  ,109.1
2007/01,111.4,108.3,104.9,110.4,128.1,97.8 ,116.2,119.1,138.7,115.4,112.9
2007/02,109.1,109.4,104.8,111.6,127.5,90.7 ,115.8,118.4,138  ,114.7,113.9
2007/03,108.8,108  ,103.5,113.5,125.8,92.5 ,114.4,116  ,135.3,112.7,111.6
2007/04,112.3,111.1,104.3,122.7,128.2,98.3 ,112  ,116.1,135.6,114.4,113.2
2007/05,116.6,114.4,105.3,126.8,129.6,107  ,113.3,118.5,136.2,115.9,115.3
2007/06,118.4,118  ,106.2,125.2,130.3,110.5,114.1,119.9,137.6,117.9,116.6
2007/07,118.2,117.1,106.1,123.1,126.3,111.1,113.8,123.1,137  ,117.1,116.4
2007/08,115.6,114.6,104.1,114.9,120.2,110.9,111.4,119.4,134.9,114.3,112.7
2007/09,114.6,117.4,103.5,113.4,117.1,108.7,111.4,119.2,133.4,113.5,112.8
2007/10,118.6,121.7,104.5,118.2,118.3,116.4,115.2,120.5,133  ,114.4,114.6
2007/11,117.1,121  ,102.5,110.7,113.8,118.3,116.5,117.6,128.9,111.8,111.6
2007/12,121.7,125.8,103  ,110.5,114.7,129.9,119.6,118.7,129.4,112.4,112.7
2008/01,119  ,124.8,101.4,109.7,112.9,125.3,119.4,115.7,126  ,110.3,109.7
2008/02,120.6,128.3,101.6,115.9,114.2,126.6,120.4,115.6,125.5,110.5,110.5
2008/03,117.4,125.5,99.5 ,116.2,111.4,122.9,115.1,111.7,121.4,107.5,106.8
2008/04,125.2,128.9,100.5,128.5,115.7,139  ,116.4,113.1,121.8,108.7,108.8
2008/05,130.4,131.9,101.5,130.7,118.3,151.8,119  ,114  ,121.8,109.5,111.8
2008/06,140.3,136.6,102.8,134.2,122.6,175.4,124.5,116.3,123.2,111.4,115.4
2008/07,143.9,135.5,103.1,134  ,124.5,185.7,128.4,116.7,122.5,111.5,116.4
2008/08,147  ,134.6,104.5,129  ,126.2,195.3,130.5,117.8,123.5,112.3,117.9
2008/09,137.1,127.4,105  ,120.5,122.3,173.7,126.7,115.2,121  ,109.9,115
2008/10,121.5,112.7,101.8,101.6,113.7,144.9,120.8,109.4,116.5,104.8,107.6
2008/11,105.8,104.9,99.5 ,89.1 ,107.1,110.6,109.5,106.7,113.1,103.2,102.8
2008/12,93   ,98   ,97.1 ,80.6 ,97.9 ,83.8 ,101.3,104.6,107.6,100.9,97.2
2009/01,88.4 ,94.4 ,96.4 ,79.9 ,94.2 ,74.2 ,95   ,103.3,105.4,99.3 ,96.5
2009/02,89.7 ,95   ,97.2 ,79.7 ,94   ,76.5 ,97.1 ,104.5,106.5,100.4,97.2
2009/03,93   ,99   ,99.4 ,81.9 ,97.4 ,79.8 ,100.3,108.3,110  ,104.1,101.7
2009/04,93   ,100.7,99.8 ,75.9 ,97.8 ,81.5 ,99.5 ,109.1,109.4,103.6,103.4
2009/05,90.8 ,100.6,98.6 ,75   ,95.4 ,77.2 ,97.3 ,108.2,107.9,103.6,101.4
2009/06,93.5 ,101.7,98.6 ,77.6 ,96.3 ,83.5 ,98   ,108.6,108.1,103.3,102.1
2009/07,95   ,98.7 ,97.8 ,76.1 ,94.7 ,91.5 ,98.3 ,107  ,105.5,102.5,100.1
2009/08,95.8 ,99.5 ,98.3 ,81.4 ,97   ,90.8 ,99.2 ,107.5,105.8,102.9,101.7
2009/09,94.7 ,96.2 ,96.5 ,79.6 ,95.6 ,91.8 ,97.4 ,103.7,104  ,100.4,99.6
2009/10,94   ,96.4 ,96.5 ,79.8 ,96.1 ,89.6 ,99.4 ,103  ,102.8,101.7,99
2009/11,94.8 ,96.8 ,96.7 ,80.6 ,95.7 ,91.9 ,99.7 ,101.9,102.8,101.4,98.6
2009/12,97.5 ,98.6 ,97.2 ,83.2 ,95.8 ,98.4 ,100.5,101.8,103  ,101.2,99.2
2010/01,100  ,98.9 ,100.4,88.2 ,98.4 ,99.1 ,104.1,102.3,105.9,102.1,102
2010/02,99.8 ,98.4 ,100.1,88.1 ,97   ,99.9 ,103.7,101.4,104.6,101.1,101.1
2010/03,99.2 ,98.6 ,99.2 ,88.5 ,98.8 ,97.9 ,103.6,101.6,104.5,101.1,101.9
2010/04,104.6,101.4,101  ,107.1,104.4,104.7,104.3,103.5,105.9,103.1,105.1
2010/05,104.9,99.8 ,99.9 ,105.8,102.3,109.8,102.3,102  ,103.3,101.8,102.6
2010/06,102.3,99.1 ,99.6 ,100.8,103.2,104.4,100.7,101.5,103.2,100.9,102.1
2010/07,99.8 ,97.8 ,98.6 ,102.7,102  ,99.2 ,98.3 ,99.8 ,100.8,99.7 ,99.2
2010/08,97.5 ,97.5 ,97.8 ,102.4,100.2,96   ,96.8 ,98.2 ,96.9 ,98.7 ,97
2010/09,97.2 ,97.8 ,98.4 ,104.1,99.5 ,95.2 ,96.6 ,97.6 ,95.6 ,98.2 ,97
2010/10,95.8 ,100.5,100.1,100.8,97.7 ,93.2 ,96   ,96.4 ,93   ,97.3 ,95.7
2010/11,98.2 ,103.8,102  ,104.3,97.9 ,97.9 ,96.3 ,97.3 ,93.2 ,97.4 ,97.2
2010/12,100.6,106.4,102.8,107.2,98.7 ,102.7,97.3 ,98.4 ,93.2 ,98.7 ,99.1
2011/01,102.6,108.8,103.7,111  ,99.3 ,107.8,97.8 ,95.1 ,92.4 ,98.5 ,99.8
2011/02,104.3,110.6,103.5,112.5,100.9,112.3,98.1 ,95.2 ,91.8 ,99   ,100.8
2011/03,106.3,111.5,102.9,113  ,104.1,118.6,98.5 ,94.6 ,91.3 ,99   ,100.6
2011/04,111.9,115.2,104.3,120.7,108.6,130.4,101.6,95.9 ,92   ,101.3,102.9
2011/05,112.4,113.6,102.3,118.3,106.9,135.7,100.9,94.5 ,90.4 ,99.6 ,101
2011/06,110.5,112.1,101.9,115.3,106.1,131.8,101.3,93.9 ,89.5 ,99.6 ,100.7
2011/07,110.2,112.2,101.9,114  ,104.2,132.2,101.9,93.5 ,88.4 ,98.6 ,99.7
2011/08,108.1,111.2,101.3,110.8,100.6,129.3,101.4,92   ,87   ,97.2 ,97.3
2011/09,106.2,109.4,101.2,107.6,97.5 ,125.7,100.9,91.5 ,86.1 ,98   ,96.7
2011/10,105.6,110  ,101.9,102.6,96.8 ,125.7,100.3,92.4 ,86   ,98.5 ,95.8
2011/11,105.4,109.2,102.9,100.3,97.3 ,125.7,101  ,93   ,85.9 ,99.2 ,95.1
2011/12,106.2,109.4,103.3,99   ,96.9 ,128.7,100.6,93   ,86   ,99   ,95
2012/01,104.2,107.7,103.1,94.3 ,95.2 ,126.1,98.2 ,94.1 ,84.9 ,98.1 ,94.5
2012/02,106.4,109.3,103  ,97.6 ,96.8 ,130.1,98.9 ,95.1 ,85.6 ,99.4 ,96.6
2012/03,112.9,113.9,105.9,104.3,100.9,142.6,101.9,97.7 ,88.3 ,102.3,100.9
2012/04,113.1,113.3,105.2,100.5,99.8 ,146.5,101.5,96.5 ,86.5 ,101.6,100.5
2012/05,109.8,111.6,102.9,96   ,97.1 ,140.8,100  ,94.8 ,85.2 ,100.1,98.4
2012/06,106.7,110.3,102.2,92.1 ,96.1 ,133.3,98.9 ,95.1 ,84.8 ,99.6 ,97.1
2012/07,103.5,111.2,102.6,90.6 ,96   ,124.5,98   ,94.9 ,83.5 ,99.1 ,96.8
2012/08,103.6,110.9,104.6,89.2 ,95.6 ,125.2,98.6 ,94.7 ,83.2 ,99.2 ,96
2012/09,105.2,112.1,105.3,90.4 ,95.8 ,129.8,99.1 ,94.4 ,82.5 ,100.4,95.9
2012/10,105.2,112.1,106.4,89.9 ,97.2 ,128.8,99.3 ,95.2 ,83.4 ,101.1,96.8
2012/11,106.5,113.5,107.4,90.7 ,100  ,130.6,100.9,97.6 ,83.3 ,102.5,98.6
2012/12,109.5,116.2,108.9,92.8 ,104.2,135.8,102.7,99.6 ,84.5 ,105.1,101.7
2013/01,115.4,122.2,112.9,98.1 ,112  ,144.9,106.1,101.7,87.8 ,110.1,108
2013/02,120.2,126  ,116.4,102.5,118.5,153.2,108.7,104.2,90.2 ,113.4,112.5
2013/03,122  ,126.9,117.4,103.1,120.6,157  ,109  ,105.4,91   ,113.9,114.1
2013/04,123.8,129.5,118.4,110.2,127.2,156.2,111.1,107.2,92.5 ,116.4,117
2013/05,125.3,132.9,120.3,111.8,131.5,156.2,113.2,109.2,93.7 ,118.9,120.1
2013/06,121.2,127.6,118.3,106.8,126.9,150.2,111.1,106.5,91.5 ,116.6,116.9
2013/07,122.8,128.8,120  ,105.1,129.6,153.3,111.7,109.4,92.8 ,118.1,119.2
2013/08,121.3,127.6,119.4,103.7,127.2,150.9,110.8,109.8,91.4 ,116  ,117.9
2013/09,124  ,127.2,121.1,106.1,126.9,156.8,112.5,110.8,92.7 ,117.1,119
2013/10,122.9,126.3,121  ,103.3,125  ,155.1,112.1,109.9,92.8 ,115.9,118
2013/11,124.9,128.5,121.9,105.1,127  ,158.2,113.8,111.4,93.8 ,117.3,120.2
2013/12,129  ,130.8,124.1,108  ,132.1,165.9,117  ,113.3,95.5 ,120.4,123.8
2014/01,130.1,130.7,124.5,110.4,132  ,168.9,115.2,111.6,95.6 ,120.7,124.8
2014/02,127.7,130.5,122.7,108.9,129.7,164.1,113.8,110.2,94.5 ,119.6,122.9
2014/03,127.4,132.8,122.6,107.8,130  ,162.8,113.5,110.5,94.4 ,120  ,123.5
2014/04,126.9,134.1,122.3,108.5,130  ,160.9,112  ,109.9,94.6 ,120.4,124.1
2014/05,125.9,133.7,121.7,109  ,128.2,158.3,112.1,109  ,94   ,119.5,123.3
2014/06,126.2,133.7,121.4,110.2,127.9,159.1,111.3,109.1,93.9 ,119.5,123.7
2014/07,125.9,131.6,121.7,106.3,126.3,160.5,111.5,109.1,93.7 ,119.3,123
2014/08,126.7,133.3,123.2,108.4,127.2,160.7,112  ,109.9,94.5 ,119  ,123.7
2014/09,129.4,136.7,126.8,111.7,131.2,163.1,114.1,112.4,96.8 ,121.5,127.1
2014/10,127.9,136.7,127.7,107.4,131.4,159  ,113.6,112.8,97.5 ,121.7,127.7
2014/11,131.6,143.9,131.6,111.6,139.9,159.4,117.7,117.4,102.2,127.5,134.7
2014/12,129.4,145.4,133.6,113.5,142.2,148.6,118.4,119.1,103.5,129.8,137.1
2015/01,121.4,143  ,133.3,106.5,140.3,128  ,117.8,117.4,102.1,127.3,134.7
2015/02,114.4,142.3,133.5,104.4,139.8,106.7,117  ,117.8,101.9,127.3,132.9
2015/03,116.9,141.5,134.1,105.7,140.5,113.6,117.2,118.8,102.7,127.6,133.8
2015/04,114.5,139.5,133.8,102.3,139.8,108  ,117.1,116.9,103  ,127.2,133.6
2015/05,115  ,139.2,134.4,103.6,140.4,107.3,119.1,116.9,103.5,129  ,135.6
2015/06,118.7,142.5,136.1,104.6,143  ,115.1,120.9,119.1,105  ,131.2,138.9
2015/07,116.6,141.4,136.6,97.6 ,141.5,112.2,119.9,118.4,104.1,130.3,138.5
2015/08,114.2,139  ,137.2,93.6 ,141.8,107.4,119.7,118.1,103  ,130.7,137.9
2015/09,109.2,136.7,135.4,89.8 ,138.8,97   ,117.4,115.9,100.5,128.8,134.5
2015/10,107.7,136.2,135  ,89.1 ,138.1,94   ,116  ,115.3,99.2 ,128.5,133.5
2015/11,108.3,136.4,136.6,88.8 ,139.1,94.2 ,116.5,116.9,100.4,129.5,134.9
2015/12,105.3,134.6,135.9,85.2 ,138.3,87.7 ,115.8,116.3,99.2 ,129.2,134
2016/01,99.2 ,129.5,133.4,80.3 ,133.1,76.9 ,111.3,109.7,96.4 ,127  ,129.9
2016/02,94.1 ,126.8,131  ,77.9 ,129  ,65.2 ,109.9,108.6,94.3 ,124.4,127
2016/03,92.9 ,125.1,130.2,78.8 ,126.9,64.3 ,108.7,107.2,92   ,122.6,124.8
2016/04,91.7 ,123.6,128.7,76.6 ,123.5,65.3 ,106.8,104.9,89.6 ,120.3,122.3
2016/05,91.6 ,123.6,127.1,76.2 ,123  ,66   ,106.9,104.8,88.9 ,119.9,122.2
2016/06,90.9 ,121.6,125.5,73.5 ,119.3,69.4 ,104.3,102.4,86.6 ,117.1,119.1
2016/07,91.2 ,120.5,124.5,76.7 ,117.1,71.7 ,103.4,101.1,85.2 ,115.7,117.3
2016/08,89   ,118.5,123.4,76.7 ,114.5,67.5 ,103.1,99.4 ,83.6 ,114.1,114.9
2016/09,90   ,118.5,123.4,77.6 ,115.7,69.6 ,103.4,99.8 ,84   ,114.6,116
2016/10,92.3 ,119.8,124.6,78.7 ,117.6,75   ,104  ,100.4,84.8 ,115.3,117.1
2016/11,97.5 ,123.2,126.5,83.5 ,122.1,84.3 ,105.9,103.5,87.6 ,118.7,121.1
2016/12,102.3,128.7,130.4,91.4 ,130.6,87.4 ,109.4,108.5,92.6 ,123.9,128.4
2017/01,     ,     ,     ,     ,     ,     ,     ,     ,     ,     ,
2017/02,     ,     ,     ,     ,     ,     ,     ,     ,     ,     ,
2017/03,     ,     ,     ,     ,     ,     ,     ,     ,     ,     ,
2017/04,     ,     ,     ,     ,     ,     ,     ,     ,     ,     ,
2017/05,     ,     ,     ,     ,     ,     ,     ,     ,     ,     ,
2017/06,     ,     ,     ,     ,     ,     ,     ,     ,     ,     ,
2017/07,     ,     ,     ,     ,     ,     ,     ,     ,     ,     ,
2017/08,     ,     ,     ,     ,     ,     ,     ,     ,     ,     ,
2017/09,     ,     ,     ,     ,     ,     ,     ,     ,     ,     ,
2017/10,     ,     ,     ,     ,     ,     ,     ,     ,     ,     ,
2017/11,     ,     ,     ,     ,     ,     ,     ,     ,     ,     ,
2017/12,     ,     ,     ,     ,     ,     ,     ,     ,     ,     ,
2018/01,     ,     ,     ,     ,     ,     ,     ,     ,     ,     ,
2018/02,     ,     ,     ,     ,     ,     ,     ,     ,     ,     ,
2018/03,     ,     ,     ,     ,     ,     ,     ,     ,     ,     ,
2018/04,     ,     ,     ,     ,     ,     ,     ,     ,     ,     ,
2018/05,     ,     ,     ,     ,     ,     ,     ,     ,     ,     ,
2018/06,     ,     ,     ,     ,     ,     ,     ,     ,     ,     ,
2018/07,     ,     ,     ,     ,     ,     ,     ,     ,     ,     ,
2018/08,     ,     ,     ,     ,     ,     ,     ,     ,     ,     ,
2018/09,     ,     ,     ,     ,     ,     ,     ,     ,     ,     ,
2018/10,     ,     ,     ,     ,     ,     ,     ,     ,     ,     ,
2018/11,     ,     ,     ,     ,     ,     ,     ,     ,     ,     ,
2018/12,     ,     ,     ,     ,     ,     ,     ,     ,     ,     ,
